-- ============================================
-- BILBASEN CLONE - SEED DATA
-- Realistic lookups + REALISTIC PERSON NAMES
-- ============================================

SET FOREIGN_KEY_CHECKS = 0;
TRUNCATE TABLE car_sale;
TRUNCATE TABLE message;
TRUNCATE TABLE favorite;
TRUNCATE TABLE car_listing;
TRUNCATE TABLE car;
TRUNCATE TABLE app_user;
TRUNCATE TABLE address;
TRUNCATE TABLE model;
TRUNCATE TABLE brand;
TRUNCATE TABLE fuel_type;
TRUNCATE TABLE region;
TRUNCATE TABLE role;
SET FOREIGN_KEY_CHECKS = 1;

-- ROLES
INSERT INTO role (id, name) VALUES
(1,'ADMIN'),
(2,'DEALER'),
(3,'CUSTOMER');

-- REGIONS (5)
INSERT INTO region (id, name) VALUES
(1,'Hovedstaden'),
(2,'Sjælland'),
(3,'Syddanmark'),
(4,'Midtjylland'),
(5,'Nordjylland');

-- FUEL TYPES (4)
INSERT INTO fuel_type (id, name) VALUES
(1,'Benzin'),
(2,'Diesel'),
(3,'El'),
(4,'Hybrid');

-- BRANDS (100)
INSERT INTO brand (id, name) VALUES
(1,'Toyota'),
(2,'Volkswagen'),
(3,'Ford'),
(4,'BMW'),
(5,'Mercedes-Benz'),
(6,'Audi'),
(7,'Honda'),
(8,'Hyundai'),
(9,'Kia'),
(10,'Nissan'),
(11,'Renault'),
(12,'Peugeot'),
(13,'Citroën'),
(14,'Opel'),
(15,'Škoda'),
(16,'SEAT'),
(17,'Volvo'),
(18,'Tesla'),
(19,'Mazda'),
(20,'Subaru'),
(21,'Mitsubishi'),
(22,'Suzuki'),
(23,'Fiat'),
(24,'Alfa Romeo'),
(25,'Jeep'),
(26,'Dodge'),
(27,'Chrysler'),
(28,'Chevrolet'),
(29,'GMC'),
(30,'Cadillac'),
(31,'Buick'),
(32,'Lincoln'),
(33,'Jaguar'),
(34,'Land Rover'),
(35,'MINI'),
(36,'smart'),
(37,'Porsche'),
(38,'Lexus'),
(39,'Infiniti'),
(40,'Acura'),
(41,'Genesis'),
(42,'BYD'),
(43,'Polestar'),
(44,'MG'),
(45,'Cupra'),
(46,'Dacia'),
(47,'DS Automobiles'),
(48,'Abarth'),
(49,'Ferrari'),
(50,'Lamborghini'),
(51,'Maserati'),
(52,'Bentley'),
(53,'Rolls-Royce'),
(54,'Aston Martin'),
(55,'McLaren'),
(56,'Bugatti'),
(57,'Lotus'),
(58,'Morgan'),
(59,'Caterham'),
(60,'Koenigsegg'),
(61,'Rimac'),
(62,'Pagani'),
(63,'Geely'),
(64,'Chery'),
(65,'Great Wall'),
(66,'Haval'),
(67,'Lynk & Co'),
(68,'NIO'),
(69,'XPeng'),
(70,'Zeekr'),
(71,'Hongqi'),
(72,'Wuling'),
(73,'Tata'),
(74,'Mahindra'),
(75,'Maruti Suzuki'),
(76,'Proton'),
(77,'Perodua'),
(78,'Holden'),
(79,'Isuzu'),
(80,'Daihatsu'),
(81,'Saab'),
(82,'Rover'),
(83,'Lada'),
(84,'UAZ'),
(85,'GAZ'),
(86,'IVECO'),
(87,'MAN'),
(88,'Scania'),
(89,'DAF'),
(90,'Kamaz'),
(91,'FAW'),
(92,'Dongfeng'),
(93,'BAIC'),
(94,'JAC'),
(95,'GAC'),
(96,'Changan'),
(97,'Ora'),
(98,'Maxus'),
(99,'SsangYong'),
(100,'Piaggio');

-- MODELS (100)
INSERT INTO model (id, name, brand_id) VALUES
(1,'Corolla',1),
(2,'Yaris',2),
(3,'Camry',3),
(4,'RAV4',4),
(5,'Prius',5),
(6,'Aygo',6),
(7,'Golf',7),
(8,'Polo',8),
(9,'Passat',9),
(10,'Tiguan',10),
(11,'Touran',11),
(12,'ID.3',12),
(13,'ID.4',13),
(14,'Focus',14),
(15,'Fiesta',15),
(16,'Mondeo',16),
(17,'Kuga',17),
(18,'Puma',18),
(19,'Mustang',19),
(20,'3 Series',20),
(21,'5 Series',21),
(22,'1 Series',22),
(23,'X1',23),
(24,'X3',24),
(25,'X5',25),
(26,'C-Class',26),
(27,'E-Class',27),
(28,'A-Class',28),
(29,'GLA',29),
(30,'GLC',30),
(31,'GLE',31),
(32,'A3',32),
(33,'A4',33),
(34,'A6',34),
(35,'Q2',35),
(36,'Q3',36),
(37,'Q5',37),
(38,'Civic',38),
(39,'Accord',39),
(40,'CR-V',40),
(41,'Jazz',41),
(42,'HR-V',42),
(43,'i10',43),
(44,'i20',44),
(45,'i30',45),
(46,'Tucson',46),
(47,'Kona',47),
(48,'Ioniq 5',48),
(49,'Picanto',49),
(50,'Rio',50),
(51,'Ceed',51),
(52,'Sportage',52),
(53,'Niro',53),
(54,'EV6',54),
(55,'Qashqai',55),
(56,'Juke',56),
(57,'Leaf',57),
(58,'X-Trail',58),
(59,'Micra',59),
(60,'Clio',60),
(61,'Megane',61),
(62,'Captur',62),
(63,'Kadjar',63),
(64,'Zoe',64),
(65,'Peugeot 208',65),
(66,'Peugeot 308',66),
(67,'Peugeot 2008',67),
(68,'Peugeot 3008',68),
(69,'Peugeot 5008',69),
(70,'Peugeot e-208',70),
(71,'C3',71),
(72,'C4',72),
(73,'C5 Aircross',73),
(74,'Berlingo',74),
(75,'ë-C4',75),
(76,'Corsa',76),
(77,'Astra',77),
(78,'Insignia',78),
(79,'Mokka',79),
(80,'Grandland',80),
(81,'Octavia',81),
(82,'Fabia',82),
(83,'Superb',83),
(84,'Kodiaq',84),
(85,'Enyaq',85),
(86,'Leon',86),
(87,'Ibiza',87),
(88,'Arona',88),
(89,'Ateca',89),
(90,'Tarraco',90),
(91,'XC40',91),
(92,'XC60',92),
(93,'XC90',93),
(94,'V60',94),
(95,'S60',95),
(96,'Model 3',96),
(97,'Model Y',97),
(98,'Model S',98),
(99,'Model X',99),
(100,'CX-5',100);

-- ADDRESSES (100)
INSERT INTO address (id, street, postal_code, city, region_id) VALUES
(1,'Birkevej 1','1001','København',1),
(2,'Egevej 2','1002','Roskilde',2),
(3,'Ahornvej 3','1003','Odense',3),
(4,'Skovvej 4','1004','Aarhus',4),
(5,'Parkvej 5','1005','Aalborg',5),
(6,'Havnevej 6','1006','Esbjerg',1),
(7,'Stationsvej 7','1007','Kolding',2),
(8,'Engvej 8','1008','Horsens',3),
(9,'Bakkevej 9','1009','Vejle',4),
(10,'Strandvej 10','1010','Herning',5),
(11,'Birkevej 11','1011','København',1),
(12,'Egevej 12','1012','Roskilde',2),
(13,'Ahornvej 13','1013','Odense',3),
(14,'Skovvej 14','1014','Aarhus',4),
(15,'Parkvej 15','1015','Aalborg',5),
(16,'Havnevej 16','1016','Esbjerg',1),
(17,'Stationsvej 17','1017','Kolding',2),
(18,'Engvej 18','1018','Horsens',3),
(19,'Bakkevej 19','1019','Vejle',4),
(20,'Strandvej 20','1020','Herning',5),
(21,'Birkevej 21','1021','København',1),
(22,'Egevej 22','1022','Roskilde',2),
(23,'Ahornvej 23','1023','Odense',3),
(24,'Skovvej 24','1024','Aarhus',4),
(25,'Parkvej 25','1025','Aalborg',5),
(26,'Havnevej 26','1026','Esbjerg',1),
(27,'Stationsvej 27','1027','Kolding',2),
(28,'Engvej 28','1028','Horsens',3),
(29,'Bakkevej 29','1029','Vejle',4),
(30,'Strandvej 30','1030','Herning',5),
(31,'Birkevej 31','1031','København',1),
(32,'Egevej 32','1032','Roskilde',2),
(33,'Ahornvej 33','1033','Odense',3),
(34,'Skovvej 34','1034','Aarhus',4),
(35,'Parkvej 35','1035','Aalborg',5),
(36,'Havnevej 36','1036','Esbjerg',1),
(37,'Stationsvej 37','1037','Kolding',2),
(38,'Engvej 38','1038','Horsens',3),
(39,'Bakkevej 39','1039','Vejle',4),
(40,'Strandvej 40','1040','Herning',5),
(41,'Birkevej 41','1041','København',1),
(42,'Egevej 42','1042','Roskilde',2),
(43,'Ahornvej 43','1043','Odense',3),
(44,'Skovvej 44','1044','Aarhus',4),
(45,'Parkvej 45','1045','Aalborg',5),
(46,'Havnevej 46','1046','Esbjerg',1),
(47,'Stationsvej 47','1047','Kolding',2),
(48,'Engvej 48','1048','Horsens',3),
(49,'Bakkevej 49','1049','Vejle',4),
(50,'Strandvej 50','1050','Herning',5),
(51,'Birkevej 51','1051','København',1),
(52,'Egevej 52','1052','Roskilde',2),
(53,'Ahornvej 53','1053','Odense',3),
(54,'Skovvej 54','1054','Aarhus',4),
(55,'Parkvej 55','1055','Aalborg',5),
(56,'Havnevej 56','1056','Esbjerg',1),
(57,'Stationsvej 57','1057','Kolding',2),
(58,'Engvej 58','1058','Horsens',3),
(59,'Bakkevej 59','1059','Vejle',4),
(60,'Strandvej 60','1060','Herning',5),
(61,'Birkevej 61','1061','København',1),
(62,'Egevej 62','1062','Roskilde',2),
(63,'Ahornvej 63','1063','Odense',3),
(64,'Skovvej 64','1064','Aarhus',4),
(65,'Parkvej 65','1065','Aalborg',5),
(66,'Havnevej 66','1066','Esbjerg',1),
(67,'Stationsvej 67','1067','Kolding',2),
(68,'Engvej 68','1068','Horsens',3),
(69,'Bakkevej 69','1069','Vejle',4),
(70,'Strandvej 70','1070','Herning',5),
(71,'Birkevej 71','1071','København',1),
(72,'Egevej 72','1072','Roskilde',2),
(73,'Ahornvej 73','1073','Odense',3),
(74,'Skovvej 74','1074','Aarhus',4),
(75,'Parkvej 75','1075','Aalborg',5),
(76,'Havnevej 76','1076','Esbjerg',1),
(77,'Stationsvej 77','1077','Kolding',2),
(78,'Engvej 78','1078','Horsens',3),
(79,'Bakkevej 79','1079','Vejle',4),
(80,'Strandvej 80','1080','Herning',5),
(81,'Birkevej 81','1081','København',1),
(82,'Egevej 82','1082','Roskilde',2),
(83,'Ahornvej 83','1083','Odense',3),
(84,'Skovvej 84','1084','Aarhus',4),
(85,'Parkvej 85','1085','Aalborg',5),
(86,'Havnevej 86','1086','Esbjerg',1),
(87,'Stationsvej 87','1087','Kolding',2),
(88,'Engvej 88','1088','Horsens',3),
(89,'Bakkevej 89','1089','Vejle',4),
(90,'Strandvej 90','1090','Herning',5),
(91,'Birkevej 91','1091','København',1),
(92,'Egevej 92','1092','Roskilde',2),
(93,'Ahornvej 93','1093','Odense',3),
(94,'Skovvej 94','1094','Aarhus',4),
(95,'Parkvej 95','1095','Aalborg',5),
(96,'Havnevej 96','1096','Esbjerg',1),
(97,'Stationsvej 97','1097','Kolding',2),
(98,'Engvej 98','1098','Horsens',3),
(99,'Bakkevej 99','1099','Vejle',4),
(100,'Strandvej 100','1100','Herning',5);

-- USERS (100)
INSERT INTO app_user (id, username, email, password_hash, first_name, last_name, phone, role_id, created_at, updated_at) VALUES
(1,'admin','admin@example.com','$2a$10$dummyhashdummyhashdummyhashdummyhashdummyhash','Mads','Nielsen','+4520000001',1,NOW(),NOW()),
(2,'dealer1','dealer1@example.com','$2a$10$dummyhashdummyhashdummyhashdummyhashdummyhash','Noah','Nielsen','+4520000002',2,NOW(),NOW()),
(3,'dealer2','dealer2@example.com','$2a$10$dummyhashdummyhashdummyhashdummyhashdummyhash','William','Jensen','+4520000003',2,NOW(),NOW()),
(4,'dealer3','dealer3@example.com','$2a$10$dummyhashdummyhashdummyhashdummyhashdummyhash','Emil','Hansen','+4520000004',2,NOW(),NOW()),
(5,'dealer4','dealer4@example.com','$2a$10$dummyhashdummyhashdummyhashdummyhashdummyhash','Oscar','Pedersen','+4520000005',2,NOW(),NOW()),
(6,'dealer5','dealer5@example.com','$2a$10$dummyhashdummyhashdummyhashdummyhashdummyhash','Oliver','Andersen','+4520000006',2,NOW(),NOW()),
(7,'dealer6','dealer6@example.com','$2a$10$dummyhashdummyhashdummyhashdummyhashdummyhash','Alfred','Christensen','+4520000007',2,NOW(),NOW()),
(8,'dealer7','dealer7@example.com','$2a$10$dummyhashdummyhashdummyhashdummyhashdummyhash','Frederik','Larsen','+4520000008',2,NOW(),NOW()),
(9,'dealer8','dealer8@example.com','$2a$10$dummyhashdummyhashdummyhashdummyhashdummyhash','Carl','Sørensen','+4520000009',2,NOW(),NOW()),
(10,'dealer9','dealer9@example.com','$2a$10$dummyhashdummyhashdummyhashdummyhashdummyhash','Lucas','Rasmussen','+4520000010',2,NOW(),NOW()),
(11,'dealer10','dealer10@example.com','$2a$10$dummyhashdummyhashdummyhashdummyhashdummyhash','Malthe','Jørgensen','+4520000011',2,NOW(),NOW()),
(12,'dealer11','dealer11@example.com','$2a$10$dummyhashdummyhashdummyhashdummyhashdummyhash','Mathias','Petersen','+4520000012',2,NOW(),NOW()),
(13,'dealer12','dealer12@example.com','$2a$10$dummyhashdummyhashdummyhashdummyhashdummyhash','Alexander','Madsen','+4520000013',2,NOW(),NOW()),
(14,'dealer13','dealer13@example.com','$2a$10$dummyhashdummyhashdummyhashdummyhashdummyhash','Elias','Kristensen','+4520000014',2,NOW(),NOW()),
(15,'dealer14','dealer14@example.com','$2a$10$dummyhashdummyhashdummyhashdummyhashdummyhash','Johan','Olsen','+4520000015',2,NOW(),NOW()),
(16,'dealer15','dealer15@example.com','$2a$10$dummyhashdummyhashdummyhashdummyhashdummyhash','Victor','Thomsen','+4520000016',2,NOW(),NOW()),
(17,'dealer16','dealer16@example.com','$2a$10$dummyhashdummyhashdummyhashdummyhashdummyhash','Mikkel','Christiansen','+4520000017',2,NOW(),NOW()),
(18,'dealer17','dealer17@example.com','$2a$10$dummyhashdummyhashdummyhashdummyhashdummyhash','Liam','Poulsen','+4520000018',2,NOW(),NOW()),
(19,'dealer18','dealer18@example.com','$2a$10$dummyhashdummyhashdummyhashdummyhashdummyhash','Felix','Johansen','+4520000019',2,NOW(),NOW()),
(20,'dealer19','dealer19@example.com','$2a$10$dummyhashdummyhashdummyhashdummyhashdummyhash','Benjamin','Møller','+4520000020',2,NOW(),NOW()),
(21,'dealer20','dealer20@example.com','$2a$10$dummyhashdummyhashdummyhashdummyhashdummyhash','Tobias','Mortensen','+4520000021',2,NOW(),NOW()),
(22,'customer22','customer22@example.com','$2a$10$dummyhashdummyhashdummyhashdummyhashdummyhash','Emma','Poulsen','+4520000022',3,NOW(),NOW()),
(23,'customer23','customer23@example.com','$2a$10$dummyhashdummyhashdummyhashdummyhashdummyhash','Ida','Mortensen','+4520000023',3,NOW(),NOW()),
(24,'customer24','customer24@example.com','$2a$10$dummyhashdummyhashdummyhashdummyhashdummyhash','Freja','Knudsen','+4520000024',3,NOW(),NOW()),
(25,'customer25','customer25@example.com','$2a$10$dummyhashdummyhashdummyhashdummyhashdummyhash','Laura','Iversen','+4520000025',3,NOW(),NOW()),
(26,'customer26','customer26@example.com','$2a$10$dummyhashdummyhashdummyhashdummyhashdummyhash','Clara','Lund','+4520000026',3,NOW(),NOW()),
(27,'customer27','customer27@example.com','$2a$10$dummyhashdummyhashdummyhashdummyhashdummyhash','Caroline','Nissen','+4520000027',3,NOW(),NOW()),
(28,'customer28','customer28@example.com','$2a$10$dummyhashdummyhashdummyhashdummyhashdummyhash','Anna','Haugaard','+4520000028',3,NOW(),NOW()),
(29,'customer29','customer29@example.com','$2a$10$dummyhashdummyhashdummyhashdummyhashdummyhash','Alma','Sand','+4520000029',3,NOW(),NOW()),
(30,'customer30','customer30@example.com','$2a$10$dummyhashdummyhashdummyhashdummyhashdummyhash','Isabella','Clausen','+4520000030',3,NOW(),NOW()),
(31,'customer31','customer31@example.com','$2a$10$dummyhashdummyhashdummyhashdummyhashdummyhash','Julie','Lykke','+4520000031',3,NOW(),NOW()),
(32,'customer32','customer32@example.com','$2a$10$dummyhashdummyhashdummyhashdummyhashdummyhash','Maja','Dahl','+4520000032',3,NOW(),NOW()),
(33,'customer33','customer33@example.com','$2a$10$dummyhashdummyhashdummyhashdummyhashdummyhash','Liva','Grøn','+4520000033',3,NOW(),NOW()),
(34,'customer34','customer34@example.com','$2a$10$dummyhashdummyhashdummyhashdummyhashdummyhash','Asta','Hansen','+4520000034',3,NOW(),NOW()),
(35,'customer35','customer35@example.com','$2a$10$dummyhashdummyhashdummyhashdummyhashdummyhash','Agnes','Christensen','+4520000035',3,NOW(),NOW()),
(36,'customer36','customer36@example.com','$2a$10$dummyhashdummyhashdummyhashdummyhashdummyhash','Ellen','Rasmussen','+4520000036',3,NOW(),NOW()),
(37,'customer37','customer37@example.com','$2a$10$dummyhashdummyhashdummyhashdummyhashdummyhash','Johanne','Madsen','+4520000037',3,NOW(),NOW()),
(38,'customer38','customer38@example.com','$2a$10$dummyhashdummyhashdummyhashdummyhashdummyhash','Mathilde','Thomsen','+4520000038',3,NOW(),NOW()),
(39,'customer39','customer39@example.com','$2a$10$dummyhashdummyhashdummyhashdummyhashdummyhash','Sara','Johansen','+4520000039',3,NOW(),NOW()),
(40,'customer40','customer40@example.com','$2a$10$dummyhashdummyhashdummyhashdummyhashdummyhash','Victoria','Jespersen','+4520000040',3,NOW(),NOW()),
(41,'customer41','customer41@example.com','$2a$10$dummyhashdummyhashdummyhashdummyhashdummyhash','Nora','Eriksen','+4520000041',3,NOW(),NOW()),
(42,'customer42','customer42@example.com','$2a$10$dummyhashdummyhashdummyhashdummyhashdummyhash','Aya','Bjerre','+4520000042',3,NOW(),NOW()),
(43,'customer43','customer43@example.com','$2a$10$dummyhashdummyhashdummyhashdummyhashdummyhash','Liv','Holst','+4520000043',3,NOW(),NOW()),
(44,'customer44','customer44@example.com','$2a$10$dummyhashdummyhashdummyhashdummyhashdummyhash','Karla','Svendsen','+4520000044',3,NOW(),NOW()),
(45,'customer45','customer45@example.com','$2a$10$dummyhashdummyhashdummyhashdummyhashdummyhash','Josefine','Winther','+4520000045',3,NOW(),NOW()),
(46,'customer46','customer46@example.com','$2a$10$dummyhashdummyhashdummyhashdummyhashdummyhash','Olivia','Vestergaard','+4520000046',3,NOW(),NOW()),
(47,'customer47','customer47@example.com','$2a$10$dummyhashdummyhashdummyhashdummyhashdummyhash','Louise','Hedegaard','+4520000047',3,NOW(),NOW()),
(48,'customer48','customer48@example.com','$2a$10$dummyhashdummyhashdummyhashdummyhashdummyhash','Amalie','Berg','+4520000048',3,NOW(),NOW()),
(49,'customer49','customer49@example.com','$2a$10$dummyhashdummyhashdummyhashdummyhashdummyhash','Lea','Høj','+4520000049',3,NOW(),NOW()),
(50,'customer50','customer50@example.com','$2a$10$dummyhashdummyhashdummyhashdummyhashdummyhash','Emily','Nielsen','+4520000050',3,NOW(),NOW()),
(51,'customer51','customer51@example.com','$2a$10$dummyhashdummyhashdummyhashdummyhashdummyhash','Noah','Pedersen','+4520000051',3,NOW(),NOW()),
(52,'customer52','customer52@example.com','$2a$10$dummyhashdummyhashdummyhashdummyhashdummyhash','William','Larsen','+4520000052',3,NOW(),NOW()),
(53,'customer53','customer53@example.com','$2a$10$dummyhashdummyhashdummyhashdummyhashdummyhash','Emil','Jørgensen','+4520000053',3,NOW(),NOW()),
(54,'customer54','customer54@example.com','$2a$10$dummyhashdummyhashdummyhashdummyhashdummyhash','Oscar','Kristensen','+4520000054',3,NOW(),NOW()),
(55,'customer55','customer55@example.com','$2a$10$dummyhashdummyhashdummyhashdummyhashdummyhash','Oliver','Christiansen','+4520000055',3,NOW(),NOW()),
(56,'customer56','customer56@example.com','$2a$10$dummyhashdummyhashdummyhashdummyhashdummyhash','Alfred','Møller','+4520000056',3,NOW(),NOW()),
(57,'customer57','customer57@example.com','$2a$10$dummyhashdummyhashdummyhashdummyhashdummyhash','Frederik','Frandsen','+4520000057',3,NOW(),NOW()),
(58,'customer58','customer58@example.com','$2a$10$dummyhashdummyhashdummyhashdummyhashdummyhash','Carl','Holm','+4520000058',3,NOW(),NOW()),
(59,'customer59','customer59@example.com','$2a$10$dummyhashdummyhashdummyhashdummyhashdummyhash','Lucas','Krogh','+4520000059',3,NOW(),NOW()),
(60,'customer60','customer60@example.com','$2a$10$dummyhashdummyhashdummyhashdummyhashdummyhash','Malthe','Bang','+4520000060',3,NOW(),NOW()),
(61,'customer61','customer61@example.com','$2a$10$dummyhashdummyhashdummyhashdummyhashdummyhash','Mathias','Dam','+4520000061',3,NOW(),NOW()),
(62,'customer62','customer62@example.com','$2a$10$dummyhashdummyhashdummyhashdummyhashdummyhash','Alexander','Skov','+4520000062',3,NOW(),NOW()),
(63,'customer63','customer63@example.com','$2a$10$dummyhashdummyhashdummyhashdummyhashdummyhash','Elias','Kjær','+4520000063',3,NOW(),NOW()),
(64,'customer64','customer64@example.com','$2a$10$dummyhashdummyhashdummyhashdummyhashdummyhash','Johan','Nørgaard','+4520000064',3,NOW(),NOW()),
(65,'customer65','customer65@example.com','$2a$10$dummyhashdummyhashdummyhashdummyhashdummyhash','Victor','Toft','+4520000065',3,NOW(),NOW()),
(66,'customer66','customer66@example.com','$2a$10$dummyhashdummyhashdummyhashdummyhashdummyhash','Mikkel','Bæk','+4520000066',3,NOW(),NOW()),
(67,'customer67','customer67@example.com','$2a$10$dummyhashdummyhashdummyhashdummyhashdummyhash','Liam','Jensen','+4520000067',3,NOW(),NOW()),
(68,'customer68','customer68@example.com','$2a$10$dummyhashdummyhashdummyhashdummyhashdummyhash','Felix','Andersen','+4520000068',3,NOW(),NOW()),
(69,'customer69','customer69@example.com','$2a$10$dummyhashdummyhashdummyhashdummyhashdummyhash','Benjamin','Sørensen','+4520000069',3,NOW(),NOW()),
(70,'customer70','customer70@example.com','$2a$10$dummyhashdummyhashdummyhashdummyhashdummyhash','Tobias','Petersen','+4520000070',3,NOW(),NOW()),
(71,'customer71','customer71@example.com','$2a$10$dummyhashdummyhashdummyhashdummyhashdummyhash','Sofia','Olsen','+4520000071',3,NOW(),NOW()),
(72,'customer72','customer72@example.com','$2a$10$dummyhashdummyhashdummyhashdummyhashdummyhash','Emma','Poulsen','+4520000072',3,NOW(),NOW()),
(73,'customer73','customer73@example.com','$2a$10$dummyhashdummyhashdummyhashdummyhashdummyhash','Ida','Mortensen','+4520000073',3,NOW(),NOW()),
(74,'customer74','customer74@example.com','$2a$10$dummyhashdummyhashdummyhashdummyhashdummyhash','Freja','Knudsen','+4520000074',3,NOW(),NOW()),
(75,'customer75','customer75@example.com','$2a$10$dummyhashdummyhashdummyhashdummyhashdummyhash','Laura','Iversen','+4520000075',3,NOW(),NOW()),
(76,'customer76','customer76@example.com','$2a$10$dummyhashdummyhashdummyhashdummyhashdummyhash','Clara','Lund','+4520000076',3,NOW(),NOW()),
(77,'customer77','customer77@example.com','$2a$10$dummyhashdummyhashdummyhashdummyhashdummyhash','Caroline','Nissen','+4520000077',3,NOW(),NOW()),
(78,'customer78','customer78@example.com','$2a$10$dummyhashdummyhashdummyhashdummyhashdummyhash','Anna','Haugaard','+4520000078',3,NOW(),NOW()),
(79,'customer79','customer79@example.com','$2a$10$dummyhashdummyhashdummyhashdummyhashdummyhash','Alma','Sand','+4520000079',3,NOW(),NOW()),
(80,'customer80','customer80@example.com','$2a$10$dummyhashdummyhashdummyhashdummyhashdummyhash','Isabella','Clausen','+4520000080',3,NOW(),NOW()),
(81,'customer81','customer81@example.com','$2a$10$dummyhashdummyhashdummyhashdummyhashdummyhash','Julie','Lykke','+4520000081',3,NOW(),NOW()),
(82,'customer82','customer82@example.com','$2a$10$dummyhashdummyhashdummyhashdummyhashdummyhash','Maja','Dahl','+4520000082',3,NOW(),NOW()),
(83,'customer83','customer83@example.com','$2a$10$dummyhashdummyhashdummyhashdummyhashdummyhash','Liva','Grøn','+4520000083',3,NOW(),NOW()),
(84,'customer84','customer84@example.com','$2a$10$dummyhashdummyhashdummyhashdummyhashdummyhash','Asta','Hansen','+4520000084',3,NOW(),NOW()),
(85,'customer85','customer85@example.com','$2a$10$dummyhashdummyhashdummyhashdummyhashdummyhash','Agnes','Christensen','+4520000085',3,NOW(),NOW()),
(86,'customer86','customer86@example.com','$2a$10$dummyhashdummyhashdummyhashdummyhashdummyhash','Ellen','Rasmussen','+4520000086',3,NOW(),NOW()),
(87,'customer87','customer87@example.com','$2a$10$dummyhashdummyhashdummyhashdummyhashdummyhash','Johanne','Madsen','+4520000087',3,NOW(),NOW()),
(88,'customer88','customer88@example.com','$2a$10$dummyhashdummyhashdummyhashdummyhashdummyhash','Mathilde','Thomsen','+4520000088',3,NOW(),NOW()),
(89,'customer89','customer89@example.com','$2a$10$dummyhashdummyhashdummyhashdummyhashdummyhash','Sara','Johansen','+4520000089',3,NOW(),NOW()),
(90,'customer90','customer90@example.com','$2a$10$dummyhashdummyhashdummyhashdummyhashdummyhash','Victoria','Jespersen','+4520000090',3,NOW(),NOW()),
(91,'customer91','customer91@example.com','$2a$10$dummyhashdummyhashdummyhashdummyhashdummyhash','Nora','Eriksen','+4520000091',3,NOW(),NOW()),
(92,'customer92','customer92@example.com','$2a$10$dummyhashdummyhashdummyhashdummyhashdummyhash','Aya','Bjerre','+4520000092',3,NOW(),NOW()),
(93,'customer93','customer93@example.com','$2a$10$dummyhashdummyhashdummyhashdummyhashdummyhash','Liv','Holst','+4520000093',3,NOW(),NOW()),
(94,'customer94','customer94@example.com','$2a$10$dummyhashdummyhashdummyhashdummyhashdummyhash','Karla','Svendsen','+4520000094',3,NOW(),NOW()),
(95,'customer95','customer95@example.com','$2a$10$dummyhashdummyhashdummyhashdummyhashdummyhash','Josefine','Winther','+4520000095',3,NOW(),NOW()),
(96,'customer96','customer96@example.com','$2a$10$dummyhashdummyhashdummyhashdummyhashdummyhash','Olivia','Vestergaard','+4520000096',3,NOW(),NOW()),
(97,'customer97','customer97@example.com','$2a$10$dummyhashdummyhashdummyhashdummyhashdummyhash','Louise','Hedegaard','+4520000097',3,NOW(),NOW()),
(98,'customer98','customer98@example.com','$2a$10$dummyhashdummyhashdummyhashdummyhashdummyhash','Amalie','Berg','+4520000098',3,NOW(),NOW()),
(99,'customer99','customer99@example.com','$2a$10$dummyhashdummyhashdummyhashdummyhashdummyhash','Lea','Høj','+4520000099',3,NOW(),NOW()),
(100,'customer100','customer100@example.com','$2a$10$dummyhashdummyhashdummyhashdummyhashdummyhash','Emily','Nielsen','+4520000100',3,NOW(),NOW());

-- CARS (100)
INSERT INTO car (id, model_id, fuel_type_id, price, year, mileage_km, color) VALUES
(1,1,1,50173.00,2006,10231,'Sort'),
(2,2,2,55346.00,2007,12462,'Hvid'),
(3,3,3,60519.00,2008,14693,'Grå'),
(4,4,4,65692.00,2009,16924,'Sølv'),
(5,5,1,70865.00,2010,19155,'Blå'),
(6,6,2,76038.00,2011,21386,'Rød'),
(7,7,3,81211.00,2012,23617,'Grøn'),
(8,8,4,86384.00,2013,25848,'Brun'),
(9,9,1,91557.00,2014,28079,'Beige'),
(10,10,2,96730.00,2015,30310,'Gul'),
(11,11,3,101903.00,2016,32541,'Sort'),
(12,12,4,107076.00,2017,34772,'Hvid'),
(13,13,1,112249.00,2018,37003,'Grå'),
(14,14,2,117422.00,2019,39234,'Sølv'),
(15,15,3,122595.00,2020,41465,'Blå'),
(16,16,4,127768.00,2021,43696,'Rød'),
(17,17,1,132941.00,2022,45927,'Grøn'),
(18,18,2,138114.00,2023,48158,'Brun'),
(19,19,3,143287.00,2024,50389,'Beige'),
(20,20,4,148460.00,2006,52620,'Gul'),
(21,21,1,153633.00,2007,54851,'Sort'),
(22,22,2,158806.00,2008,57082,'Hvid'),
(23,23,3,163979.00,2009,59313,'Grå'),
(24,24,4,169152.00,2010,61544,'Sølv'),
(25,25,1,174325.00,2011,63775,'Blå'),
(26,26,2,179498.00,2012,66006,'Rød'),
(27,27,3,184671.00,2013,68237,'Grøn'),
(28,28,4,189844.00,2014,70468,'Brun'),
(29,29,1,195017.00,2015,72699,'Beige'),
(30,30,2,200190.00,2016,74930,'Gul'),
(31,31,3,205363.00,2017,77161,'Sort'),
(32,32,4,210536.00,2018,79392,'Hvid'),
(33,33,1,215709.00,2019,81623,'Grå'),
(34,34,2,220882.00,2020,83854,'Sølv'),
(35,35,3,226055.00,2021,86085,'Blå'),
(36,36,4,231228.00,2022,88316,'Rød'),
(37,37,1,236401.00,2023,90547,'Grøn'),
(38,38,2,241574.00,2024,92778,'Brun'),
(39,39,3,246747.00,2006,95009,'Beige'),
(40,40,4,251920.00,2007,97240,'Gul'),
(41,41,1,257093.00,2008,99471,'Sort'),
(42,42,2,262266.00,2009,101702,'Hvid'),
(43,43,3,267439.00,2010,103933,'Grå'),
(44,44,4,272612.00,2011,106164,'Sølv'),
(45,45,1,277785.00,2012,108395,'Blå'),
(46,46,2,282958.00,2013,110626,'Rød'),
(47,47,3,288131.00,2014,112857,'Grøn'),
(48,48,4,293304.00,2015,115088,'Brun'),
(49,49,1,298477.00,2016,117319,'Beige'),
(50,50,2,303650.00,2017,119550,'Gul'),
(51,51,3,308823.00,2018,121781,'Sort'),
(52,52,4,313996.00,2019,124012,'Hvid'),
(53,53,1,319169.00,2020,126243,'Grå'),
(54,54,2,324342.00,2021,128474,'Sølv'),
(55,55,3,329515.00,2022,130705,'Blå'),
(56,56,4,334688.00,2023,132936,'Rød'),
(57,57,1,339861.00,2024,135167,'Grøn'),
(58,58,2,345034.00,2006,137398,'Brun'),
(59,59,3,350207.00,2007,139629,'Beige'),
(60,60,4,355380.00,2008,141860,'Gul'),
(61,61,1,360553.00,2009,144091,'Sort'),
(62,62,2,365726.00,2010,146322,'Hvid'),
(63,63,3,370899.00,2011,148553,'Grå'),
(64,64,4,376072.00,2012,150784,'Sølv'),
(65,65,1,381245.00,2013,153015,'Blå'),
(66,66,2,386418.00,2014,155246,'Rød'),
(67,67,3,391591.00,2015,157477,'Grøn'),
(68,68,4,396764.00,2016,159708,'Brun'),
(69,69,1,401937.00,2017,161939,'Beige'),
(70,70,2,407110.00,2018,164170,'Gul'),
(71,71,3,412283.00,2019,166401,'Sort'),
(72,72,4,417456.00,2020,168632,'Hvid'),
(73,73,1,422629.00,2021,170863,'Grå'),
(74,74,2,427802.00,2022,173094,'Sølv'),
(75,75,3,432975.00,2023,175325,'Blå'),
(76,76,4,438148.00,2024,177556,'Rød'),
(77,77,1,443321.00,2006,179787,'Grøn'),
(78,78,2,448494.00,2007,182018,'Brun'),
(79,79,3,453667.00,2008,184249,'Beige'),
(80,80,4,458840.00,2009,186480,'Gul'),
(81,81,1,464013.00,2010,188711,'Sort'),
(82,82,2,469186.00,2011,190942,'Hvid'),
(83,83,3,474359.00,2012,193173,'Grå'),
(84,84,4,479532.00,2013,195404,'Sølv'),
(85,85,1,484705.00,2014,197635,'Blå'),
(86,86,2,489878.00,2015,199866,'Rød'),
(87,87,3,495051.00,2016,202097,'Grøn'),
(88,88,4,500224.00,2017,204328,'Brun'),
(89,89,1,505397.00,2018,206559,'Beige'),
(90,90,2,510570.00,2019,208790,'Gul'),
(91,91,3,515743.00,2020,211021,'Sort'),
(92,92,4,520916.00,2021,213252,'Hvid'),
(93,93,1,526089.00,2022,215483,'Grå'),
(94,94,2,531262.00,2023,217714,'Sølv'),
(95,95,3,536435.00,2024,219945,'Blå'),
(96,96,4,541608.00,2006,222176,'Rød'),
(97,97,1,546781.00,2007,224407,'Grøn'),
(98,98,2,551954.00,2008,226638,'Brun'),
(99,99,3,557127.00,2009,228869,'Beige'),
(100,100,4,562300.00,2010,231100,'Gul');

-- CAR LISTINGS (100)
INSERT INTO car_listing (id, car_id, seller_id, address_id, is_sold, description, created_at) VALUES
(1,1,2,1,1,'Annonce 1: økonomisk bil med nyserviceret og automat gear – klar til prøvetur.',NOW()),
(2,2,3,2,1,'Annonce 2: sporty bil med 1 ejer og bakkamera – klar i dag.',NOW()),
(3,3,4,3,1,'Annonce 3: familievenlig bil med træk og LED forlygter – kan leveres hurtigt.',NOW()),
(4,4,5,4,1,'Annonce 4: luksuriøs bil med klimaanlæg og Apple CarPlay – står flot.',NOW()),
(5,5,6,5,1,'Annonce 5: pålidelig bil med adaptiv fartpilot og panoramatag – kører perfekt.',NOW()),
(6,6,7,6,1,'Annonce 6: rummelig bil med lædersæder og varme i sæder – klar til levering.',NOW()),
(7,7,8,7,1,'Annonce 7: kompakt bil med Android Auto og fuld servicebog – klar til prøvetur.',NOW()),
(8,8,9,8,1,'Annonce 8: moderne bil med isofix og lavt km-tal – klar i dag.',NOW()),
(9,9,10,9,1,'Annonce 9: klassisk bil med nysynet og vinterhjul medfølger – kan leveres hurtigt.',NOW()),
(10,10,11,10,1,'Annonce 10: velholdt bil med nyserviceret og automat gear – står flot.',NOW()),
(11,11,12,11,1,'Annonce 11: økonomisk bil med 1 ejer og bakkamera – kører perfekt.',NOW()),
(12,12,13,12,1,'Annonce 12: sporty bil med træk og LED forlygter – klar til levering.',NOW()),
(13,13,14,13,1,'Annonce 13: familievenlig bil med klimaanlæg og Apple CarPlay – klar til prøvetur.',NOW()),
(14,14,15,14,1,'Annonce 14: luksuriøs bil med adaptiv fartpilot og panoramatag – klar i dag.',NOW()),
(15,15,16,15,1,'Annonce 15: pålidelig bil med lædersæder og varme i sæder – kan leveres hurtigt.',NOW()),
(16,16,17,16,1,'Annonce 16: rummelig bil med Android Auto og fuld servicebog – står flot.',NOW()),
(17,17,18,17,1,'Annonce 17: kompakt bil med isofix og lavt km-tal – kører perfekt.',NOW()),
(18,18,19,18,1,'Annonce 18: moderne bil med nysynet og vinterhjul medfølger – klar til levering.',NOW()),
(19,19,20,19,1,'Annonce 19: klassisk bil med nyserviceret og automat gear – klar til prøvetur.',NOW()),
(20,20,21,20,1,'Annonce 20: velholdt bil med 1 ejer og bakkamera – klar i dag.',NOW()),
(21,21,2,21,1,'Annonce 21: økonomisk bil med træk og LED forlygter – kan leveres hurtigt.',NOW()),
(22,22,3,22,1,'Annonce 22: sporty bil med klimaanlæg og Apple CarPlay – står flot.',NOW()),
(23,23,4,23,1,'Annonce 23: familievenlig bil med adaptiv fartpilot og panoramatag – kører perfekt.',NOW()),
(24,24,5,24,1,'Annonce 24: luksuriøs bil med lædersæder og varme i sæder – klar til levering.',NOW()),
(25,25,6,25,1,'Annonce 25: pålidelig bil med Android Auto og fuld servicebog – klar til prøvetur.',NOW()),
(26,26,7,26,1,'Annonce 26: rummelig bil med isofix og lavt km-tal – klar i dag.',NOW()),
(27,27,8,27,1,'Annonce 27: kompakt bil med nysynet og vinterhjul medfølger – kan leveres hurtigt.',NOW()),
(28,28,9,28,1,'Annonce 28: moderne bil med nyserviceret og automat gear – står flot.',NOW()),
(29,29,10,29,1,'Annonce 29: klassisk bil med 1 ejer og bakkamera – kører perfekt.',NOW()),
(30,30,11,30,1,'Annonce 30: velholdt bil med træk og LED forlygter – klar til levering.',NOW()),
(31,31,12,31,1,'Annonce 31: økonomisk bil med klimaanlæg og Apple CarPlay – klar til prøvetur.',NOW()),
(32,32,13,32,1,'Annonce 32: sporty bil med adaptiv fartpilot og panoramatag – klar i dag.',NOW()),
(33,33,14,33,1,'Annonce 33: familievenlig bil med lædersæder og varme i sæder – kan leveres hurtigt.',NOW()),
(34,34,15,34,1,'Annonce 34: luksuriøs bil med Android Auto og fuld servicebog – står flot.',NOW()),
(35,35,16,35,1,'Annonce 35: pålidelig bil med isofix og lavt km-tal – kører perfekt.',NOW()),
(36,36,17,36,1,'Annonce 36: rummelig bil med nysynet og vinterhjul medfølger – klar til levering.',NOW()),
(37,37,18,37,1,'Annonce 37: kompakt bil med nyserviceret og automat gear – klar til prøvetur.',NOW()),
(38,38,19,38,1,'Annonce 38: moderne bil med 1 ejer og bakkamera – klar i dag.',NOW()),
(39,39,20,39,1,'Annonce 39: klassisk bil med træk og LED forlygter – kan leveres hurtigt.',NOW()),
(40,40,21,40,1,'Annonce 40: velholdt bil med klimaanlæg og Apple CarPlay – står flot.',NOW()),
(41,41,2,41,1,'Annonce 41: økonomisk bil med adaptiv fartpilot og panoramatag – kører perfekt.',NOW()),
(42,42,3,42,1,'Annonce 42: sporty bil med lædersæder og varme i sæder – klar til levering.',NOW()),
(43,43,4,43,1,'Annonce 43: familievenlig bil med Android Auto og fuld servicebog – klar til prøvetur.',NOW()),
(44,44,5,44,1,'Annonce 44: luksuriøs bil med isofix og lavt km-tal – klar i dag.',NOW()),
(45,45,6,45,1,'Annonce 45: pålidelig bil med nysynet og vinterhjul medfølger – kan leveres hurtigt.',NOW()),
(46,46,7,46,1,'Annonce 46: rummelig bil med nyserviceret og automat gear – står flot.',NOW()),
(47,47,8,47,1,'Annonce 47: kompakt bil med 1 ejer og bakkamera – kører perfekt.',NOW()),
(48,48,9,48,1,'Annonce 48: moderne bil med træk og LED forlygter – klar til levering.',NOW()),
(49,49,10,49,1,'Annonce 49: klassisk bil med klimaanlæg og Apple CarPlay – klar til prøvetur.',NOW()),
(50,50,11,50,1,'Annonce 50: velholdt bil med adaptiv fartpilot og panoramatag – klar i dag.',NOW()),
(51,51,12,51,1,'Annonce 51: økonomisk bil med lædersæder og varme i sæder – kan leveres hurtigt.',NOW()),
(52,52,13,52,1,'Annonce 52: sporty bil med Android Auto og fuld servicebog – står flot.',NOW()),
(53,53,14,53,1,'Annonce 53: familievenlig bil med isofix og lavt km-tal – kører perfekt.',NOW()),
(54,54,15,54,1,'Annonce 54: luksuriøs bil med nysynet og vinterhjul medfølger – klar til levering.',NOW()),
(55,55,16,55,1,'Annonce 55: pålidelig bil med nyserviceret og automat gear – klar til prøvetur.',NOW()),
(56,56,17,56,1,'Annonce 56: rummelig bil med 1 ejer og bakkamera – klar i dag.',NOW()),
(57,57,18,57,1,'Annonce 57: kompakt bil med træk og LED forlygter – kan leveres hurtigt.',NOW()),
(58,58,19,58,1,'Annonce 58: moderne bil med klimaanlæg og Apple CarPlay – står flot.',NOW()),
(59,59,20,59,1,'Annonce 59: klassisk bil med adaptiv fartpilot og panoramatag – kører perfekt.',NOW()),
(60,60,21,60,1,'Annonce 60: velholdt bil med lædersæder og varme i sæder – klar til levering.',NOW()),
(61,61,2,61,1,'Annonce 61: økonomisk bil med Android Auto og fuld servicebog – klar til prøvetur.',NOW()),
(62,62,3,62,1,'Annonce 62: sporty bil med isofix og lavt km-tal – klar i dag.',NOW()),
(63,63,4,63,1,'Annonce 63: familievenlig bil med nysynet og vinterhjul medfølger – kan leveres hurtigt.',NOW()),
(64,64,5,64,1,'Annonce 64: luksuriøs bil med nyserviceret og automat gear – står flot.',NOW()),
(65,65,6,65,1,'Annonce 65: pålidelig bil med 1 ejer og bakkamera – kører perfekt.',NOW()),
(66,66,7,66,1,'Annonce 66: rummelig bil med træk og LED forlygter – klar til levering.',NOW()),
(67,67,8,67,1,'Annonce 67: kompakt bil med klimaanlæg og Apple CarPlay – klar til prøvetur.',NOW()),
(68,68,9,68,1,'Annonce 68: moderne bil med adaptiv fartpilot og panoramatag – klar i dag.',NOW()),
(69,69,10,69,1,'Annonce 69: klassisk bil med lædersæder og varme i sæder – kan leveres hurtigt.',NOW()),
(70,70,11,70,1,'Annonce 70: velholdt bil med Android Auto og fuld servicebog – står flot.',NOW()),
(71,71,12,71,1,'Annonce 71: økonomisk bil med isofix og lavt km-tal – kører perfekt.',NOW()),
(72,72,13,72,1,'Annonce 72: sporty bil med nysynet og vinterhjul medfølger – klar til levering.',NOW()),
(73,73,14,73,1,'Annonce 73: familievenlig bil med nyserviceret og automat gear – klar til prøvetur.',NOW()),
(74,74,15,74,1,'Annonce 74: luksuriøs bil med 1 ejer og bakkamera – klar i dag.',NOW()),
(75,75,16,75,1,'Annonce 75: pålidelig bil med træk og LED forlygter – kan leveres hurtigt.',NOW()),
(76,76,17,76,1,'Annonce 76: rummelig bil med klimaanlæg og Apple CarPlay – står flot.',NOW()),
(77,77,18,77,1,'Annonce 77: kompakt bil med adaptiv fartpilot og panoramatag – kører perfekt.',NOW()),
(78,78,19,78,1,'Annonce 78: moderne bil med lædersæder og varme i sæder – klar til levering.',NOW()),
(79,79,20,79,1,'Annonce 79: klassisk bil med Android Auto og fuld servicebog – klar til prøvetur.',NOW()),
(80,80,21,80,1,'Annonce 80: velholdt bil med isofix og lavt km-tal – klar i dag.',NOW()),
(81,81,2,81,1,'Annonce 81: økonomisk bil med nysynet og vinterhjul medfølger – kan leveres hurtigt.',NOW()),
(82,82,3,82,1,'Annonce 82: sporty bil med nyserviceret og automat gear – står flot.',NOW()),
(83,83,4,83,1,'Annonce 83: familievenlig bil med 1 ejer og bakkamera – kører perfekt.',NOW()),
(84,84,5,84,1,'Annonce 84: luksuriøs bil med træk og LED forlygter – klar til levering.',NOW()),
(85,85,6,85,1,'Annonce 85: pålidelig bil med klimaanlæg og Apple CarPlay – klar til prøvetur.',NOW()),
(86,86,7,86,1,'Annonce 86: rummelig bil med adaptiv fartpilot og panoramatag – klar i dag.',NOW()),
(87,87,8,87,1,'Annonce 87: kompakt bil med lædersæder og varme i sæder – kan leveres hurtigt.',NOW()),
(88,88,9,88,1,'Annonce 88: moderne bil med Android Auto og fuld servicebog – står flot.',NOW()),
(89,89,10,89,1,'Annonce 89: klassisk bil med isofix og lavt km-tal – kører perfekt.',NOW()),
(90,90,11,90,1,'Annonce 90: velholdt bil med nysynet og vinterhjul medfølger – klar til levering.',NOW()),
(91,91,12,91,1,'Annonce 91: økonomisk bil med nyserviceret og automat gear – klar til prøvetur.',NOW()),
(92,92,13,92,1,'Annonce 92: sporty bil med 1 ejer og bakkamera – klar i dag.',NOW()),
(93,93,14,93,1,'Annonce 93: familievenlig bil med træk og LED forlygter – kan leveres hurtigt.',NOW()),
(94,94,15,94,1,'Annonce 94: luksuriøs bil med klimaanlæg og Apple CarPlay – står flot.',NOW()),
(95,95,16,95,1,'Annonce 95: pålidelig bil med adaptiv fartpilot og panoramatag – kører perfekt.',NOW()),
(96,96,17,96,1,'Annonce 96: rummelig bil med lædersæder og varme i sæder – klar til levering.',NOW()),
(97,97,18,97,1,'Annonce 97: kompakt bil med Android Auto og fuld servicebog – klar til prøvetur.',NOW()),
(98,98,19,98,1,'Annonce 98: moderne bil med isofix og lavt km-tal – klar i dag.',NOW()),
(99,99,20,99,1,'Annonce 99: klassisk bil med nysynet og vinterhjul medfølger – kan leveres hurtigt.',NOW()),
(100,100,21,100,1,'Annonce 100: velholdt bil med nyserviceret og automat gear – står flot.',NOW());

-- FAVORITES (100)
INSERT INTO favorite (id, user_id, car_listing_id, created_at) VALUES
(1,22,1,NOW()),
(2,23,2,NOW()),
(3,24,3,NOW()),
(4,25,4,NOW()),
(5,26,5,NOW()),
(6,27,6,NOW()),
(7,28,7,NOW()),
(8,29,8,NOW()),
(9,30,9,NOW()),
(10,31,10,NOW()),
(11,32,11,NOW()),
(12,33,12,NOW()),
(13,34,13,NOW()),
(14,35,14,NOW()),
(15,36,15,NOW()),
(16,37,16,NOW()),
(17,38,17,NOW()),
(18,39,18,NOW()),
(19,40,19,NOW()),
(20,41,20,NOW()),
(21,42,21,NOW()),
(22,43,22,NOW()),
(23,44,23,NOW()),
(24,45,24,NOW()),
(25,46,25,NOW()),
(26,47,26,NOW()),
(27,48,27,NOW()),
(28,49,28,NOW()),
(29,50,29,NOW()),
(30,51,30,NOW()),
(31,52,31,NOW()),
(32,53,32,NOW()),
(33,54,33,NOW()),
(34,55,34,NOW()),
(35,56,35,NOW()),
(36,57,36,NOW()),
(37,58,37,NOW()),
(38,59,38,NOW()),
(39,60,39,NOW()),
(40,61,40,NOW()),
(41,62,41,NOW()),
(42,63,42,NOW()),
(43,64,43,NOW()),
(44,65,44,NOW()),
(45,66,45,NOW()),
(46,67,46,NOW()),
(47,68,47,NOW()),
(48,69,48,NOW()),
(49,70,49,NOW()),
(50,71,50,NOW()),
(51,72,51,NOW()),
(52,73,52,NOW()),
(53,74,53,NOW()),
(54,75,54,NOW()),
(55,76,55,NOW()),
(56,77,56,NOW()),
(57,78,57,NOW()),
(58,79,58,NOW()),
(59,80,59,NOW()),
(60,81,60,NOW()),
(61,82,61,NOW()),
(62,83,62,NOW()),
(63,84,63,NOW()),
(64,85,64,NOW()),
(65,86,65,NOW()),
(66,87,66,NOW()),
(67,88,67,NOW()),
(68,89,68,NOW()),
(69,90,69,NOW()),
(70,91,70,NOW()),
(71,92,71,NOW()),
(72,93,72,NOW()),
(73,94,73,NOW()),
(74,95,74,NOW()),
(75,96,75,NOW()),
(76,97,76,NOW()),
(77,98,77,NOW()),
(78,99,78,NOW()),
(79,100,79,NOW()),
(80,22,80,NOW()),
(81,23,81,NOW()),
(82,24,82,NOW()),
(83,25,83,NOW()),
(84,26,84,NOW()),
(85,27,85,NOW()),
(86,28,86,NOW()),
(87,29,87,NOW()),
(88,30,88,NOW()),
(89,31,89,NOW()),
(90,32,90,NOW()),
(91,33,91,NOW()),
(92,34,92,NOW()),
(93,35,93,NOW()),
(94,36,94,NOW()),
(95,37,95,NOW()),
(96,38,96,NOW()),
(97,39,97,NOW()),
(98,40,98,NOW()),
(99,41,99,NOW()),
(100,42,100,NOW());

-- MESSAGES (100)
INSERT INTO message (id, sender_id, receiver_id, car_listing_id, content, sent_at, is_read) VALUES
(1,22,2,1,'Hej 1! Jeg er interesseret i annonce 1. Kan vi aftale en prøvetur?',NOW(),0),
(2,23,3,2,'Hej 2! Jeg er interesseret i annonce 2. Kan vi aftale en prøvetur?',NOW(),0),
(3,24,4,3,'Hej 3! Jeg er interesseret i annonce 3. Kan vi aftale en prøvetur?',NOW(),1),
(4,25,5,4,'Hej 4! Jeg er interesseret i annonce 4. Kan vi aftale en prøvetur?',NOW(),0),
(5,26,6,5,'Hej 5! Jeg er interesseret i annonce 5. Kan vi aftale en prøvetur?',NOW(),0),
(6,27,7,6,'Hej 6! Jeg er interesseret i annonce 6. Kan vi aftale en prøvetur?',NOW(),1),
(7,28,8,7,'Hej 7! Jeg er interesseret i annonce 7. Kan vi aftale en prøvetur?',NOW(),0),
(8,29,9,8,'Hej 8! Jeg er interesseret i annonce 8. Kan vi aftale en prøvetur?',NOW(),0),
(9,30,10,9,'Hej 9! Jeg er interesseret i annonce 9. Kan vi aftale en prøvetur?',NOW(),1),
(10,31,11,10,'Hej 10! Jeg er interesseret i annonce 10. Kan vi aftale en prøvetur?',NOW(),0),
(11,32,12,11,'Hej 11! Jeg er interesseret i annonce 11. Kan vi aftale en prøvetur?',NOW(),0),
(12,33,13,12,'Hej 12! Jeg er interesseret i annonce 12. Kan vi aftale en prøvetur?',NOW(),1),
(13,34,14,13,'Hej 13! Jeg er interesseret i annonce 13. Kan vi aftale en prøvetur?',NOW(),0),
(14,35,15,14,'Hej 14! Jeg er interesseret i annonce 14. Kan vi aftale en prøvetur?',NOW(),0),
(15,36,16,15,'Hej 15! Jeg er interesseret i annonce 15. Kan vi aftale en prøvetur?',NOW(),1),
(16,37,17,16,'Hej 16! Jeg er interesseret i annonce 16. Kan vi aftale en prøvetur?',NOW(),0),
(17,38,18,17,'Hej 17! Jeg er interesseret i annonce 17. Kan vi aftale en prøvetur?',NOW(),0),
(18,39,19,18,'Hej 18! Jeg er interesseret i annonce 18. Kan vi aftale en prøvetur?',NOW(),1),
(19,40,20,19,'Hej 19! Jeg er interesseret i annonce 19. Kan vi aftale en prøvetur?',NOW(),0),
(20,41,21,20,'Hej 20! Jeg er interesseret i annonce 20. Kan vi aftale en prøvetur?',NOW(),0),
(21,42,2,21,'Hej 21! Jeg er interesseret i annonce 21. Kan vi aftale en prøvetur?',NOW(),1),
(22,43,3,22,'Hej 22! Jeg er interesseret i annonce 22. Kan vi aftale en prøvetur?',NOW(),0),
(23,44,4,23,'Hej 23! Jeg er interesseret i annonce 23. Kan vi aftale en prøvetur?',NOW(),0),
(24,45,5,24,'Hej 24! Jeg er interesseret i annonce 24. Kan vi aftale en prøvetur?',NOW(),1),
(25,46,6,25,'Hej 25! Jeg er interesseret i annonce 25. Kan vi aftale en prøvetur?',NOW(),0),
(26,47,7,26,'Hej 26! Jeg er interesseret i annonce 26. Kan vi aftale en prøvetur?',NOW(),0),
(27,48,8,27,'Hej 27! Jeg er interesseret i annonce 27. Kan vi aftale en prøvetur?',NOW(),1),
(28,49,9,28,'Hej 28! Jeg er interesseret i annonce 28. Kan vi aftale en prøvetur?',NOW(),0),
(29,50,10,29,'Hej 29! Jeg er interesseret i annonce 29. Kan vi aftale en prøvetur?',NOW(),0),
(30,51,11,30,'Hej 30! Jeg er interesseret i annonce 30. Kan vi aftale en prøvetur?',NOW(),1),
(31,52,12,31,'Hej 31! Jeg er interesseret i annonce 31. Kan vi aftale en prøvetur?',NOW(),0),
(32,53,13,32,'Hej 32! Jeg er interesseret i annonce 32. Kan vi aftale en prøvetur?',NOW(),0),
(33,54,14,33,'Hej 33! Jeg er interesseret i annonce 33. Kan vi aftale en prøvetur?',NOW(),1),
(34,55,15,34,'Hej 34! Jeg er interesseret i annonce 34. Kan vi aftale en prøvetur?',NOW(),0),
(35,56,16,35,'Hej 35! Jeg er interesseret i annonce 35. Kan vi aftale en prøvetur?',NOW(),0),
(36,57,17,36,'Hej 36! Jeg er interesseret i annonce 36. Kan vi aftale en prøvetur?',NOW(),1),
(37,58,18,37,'Hej 37! Jeg er interesseret i annonce 37. Kan vi aftale en prøvetur?',NOW(),0),
(38,59,19,38,'Hej 38! Jeg er interesseret i annonce 38. Kan vi aftale en prøvetur?',NOW(),0),
(39,60,20,39,'Hej 39! Jeg er interesseret i annonce 39. Kan vi aftale en prøvetur?',NOW(),1),
(40,61,21,40,'Hej 40! Jeg er interesseret i annonce 40. Kan vi aftale en prøvetur?',NOW(),0),
(41,62,2,41,'Hej 41! Jeg er interesseret i annonce 41. Kan vi aftale en prøvetur?',NOW(),0),
(42,63,3,42,'Hej 42! Jeg er interesseret i annonce 42. Kan vi aftale en prøvetur?',NOW(),1),
(43,64,4,43,'Hej 43! Jeg er interesseret i annonce 43. Kan vi aftale en prøvetur?',NOW(),0),
(44,65,5,44,'Hej 44! Jeg er interesseret i annonce 44. Kan vi aftale en prøvetur?',NOW(),0),
(45,66,6,45,'Hej 45! Jeg er interesseret i annonce 45. Kan vi aftale en prøvetur?',NOW(),1),
(46,67,7,46,'Hej 46! Jeg er interesseret i annonce 46. Kan vi aftale en prøvetur?',NOW(),0),
(47,68,8,47,'Hej 47! Jeg er interesseret i annonce 47. Kan vi aftale en prøvetur?',NOW(),0),
(48,69,9,48,'Hej 48! Jeg er interesseret i annonce 48. Kan vi aftale en prøvetur?',NOW(),1),
(49,70,10,49,'Hej 49! Jeg er interesseret i annonce 49. Kan vi aftale en prøvetur?',NOW(),0),
(50,71,11,50,'Hej 50! Jeg er interesseret i annonce 50. Kan vi aftale en prøvetur?',NOW(),0),
(51,72,12,51,'Hej 51! Jeg er interesseret i annonce 51. Kan vi aftale en prøvetur?',NOW(),1),
(52,73,13,52,'Hej 52! Jeg er interesseret i annonce 52. Kan vi aftale en prøvetur?',NOW(),0),
(53,74,14,53,'Hej 53! Jeg er interesseret i annonce 53. Kan vi aftale en prøvetur?',NOW(),0),
(54,75,15,54,'Hej 54! Jeg er interesseret i annonce 54. Kan vi aftale en prøvetur?',NOW(),1),
(55,76,16,55,'Hej 55! Jeg er interesseret i annonce 55. Kan vi aftale en prøvetur?',NOW(),0),
(56,77,17,56,'Hej 56! Jeg er interesseret i annonce 56. Kan vi aftale en prøvetur?',NOW(),0),
(57,78,18,57,'Hej 57! Jeg er interesseret i annonce 57. Kan vi aftale en prøvetur?',NOW(),1),
(58,79,19,58,'Hej 58! Jeg er interesseret i annonce 58. Kan vi aftale en prøvetur?',NOW(),0),
(59,80,20,59,'Hej 59! Jeg er interesseret i annonce 59. Kan vi aftale en prøvetur?',NOW(),0),
(60,81,21,60,'Hej 60! Jeg er interesseret i annonce 60. Kan vi aftale en prøvetur?',NOW(),1),
(61,82,2,61,'Hej 61! Jeg er interesseret i annonce 61. Kan vi aftale en prøvetur?',NOW(),0),
(62,83,3,62,'Hej 62! Jeg er interesseret i annonce 62. Kan vi aftale en prøvetur?',NOW(),0),
(63,84,4,63,'Hej 63! Jeg er interesseret i annonce 63. Kan vi aftale en prøvetur?',NOW(),1),
(64,85,5,64,'Hej 64! Jeg er interesseret i annonce 64. Kan vi aftale en prøvetur?',NOW(),0),
(65,86,6,65,'Hej 65! Jeg er interesseret i annonce 65. Kan vi aftale en prøvetur?',NOW(),0),
(66,87,7,66,'Hej 66! Jeg er interesseret i annonce 66. Kan vi aftale en prøvetur?',NOW(),1),
(67,88,8,67,'Hej 67! Jeg er interesseret i annonce 67. Kan vi aftale en prøvetur?',NOW(),0),
(68,89,9,68,'Hej 68! Jeg er interesseret i annonce 68. Kan vi aftale en prøvetur?',NOW(),0),
(69,90,10,69,'Hej 69! Jeg er interesseret i annonce 69. Kan vi aftale en prøvetur?',NOW(),1),
(70,91,11,70,'Hej 70! Jeg er interesseret i annonce 70. Kan vi aftale en prøvetur?',NOW(),0),
(71,92,12,71,'Hej 71! Jeg er interesseret i annonce 71. Kan vi aftale en prøvetur?',NOW(),0),
(72,93,13,72,'Hej 72! Jeg er interesseret i annonce 72. Kan vi aftale en prøvetur?',NOW(),1),
(73,94,14,73,'Hej 73! Jeg er interesseret i annonce 73. Kan vi aftale en prøvetur?',NOW(),0),
(74,95,15,74,'Hej 74! Jeg er interesseret i annonce 74. Kan vi aftale en prøvetur?',NOW(),0),
(75,96,16,75,'Hej 75! Jeg er interesseret i annonce 75. Kan vi aftale en prøvetur?',NOW(),1),
(76,97,17,76,'Hej 76! Jeg er interesseret i annonce 76. Kan vi aftale en prøvetur?',NOW(),0),
(77,98,18,77,'Hej 77! Jeg er interesseret i annonce 77. Kan vi aftale en prøvetur?',NOW(),0),
(78,99,19,78,'Hej 78! Jeg er interesseret i annonce 78. Kan vi aftale en prøvetur?',NOW(),1),
(79,100,20,79,'Hej 79! Jeg er interesseret i annonce 79. Kan vi aftale en prøvetur?',NOW(),0),
(80,22,21,80,'Hej 80! Jeg er interesseret i annonce 80. Kan vi aftale en prøvetur?',NOW(),0),
(81,23,2,81,'Hej 81! Jeg er interesseret i annonce 81. Kan vi aftale en prøvetur?',NOW(),1),
(82,24,3,82,'Hej 82! Jeg er interesseret i annonce 82. Kan vi aftale en prøvetur?',NOW(),0),
(83,25,4,83,'Hej 83! Jeg er interesseret i annonce 83. Kan vi aftale en prøvetur?',NOW(),0),
(84,26,5,84,'Hej 84! Jeg er interesseret i annonce 84. Kan vi aftale en prøvetur?',NOW(),1),
(85,27,6,85,'Hej 85! Jeg er interesseret i annonce 85. Kan vi aftale en prøvetur?',NOW(),0),
(86,28,7,86,'Hej 86! Jeg er interesseret i annonce 86. Kan vi aftale en prøvetur?',NOW(),0),
(87,29,8,87,'Hej 87! Jeg er interesseret i annonce 87. Kan vi aftale en prøvetur?',NOW(),1),
(88,30,9,88,'Hej 88! Jeg er interesseret i annonce 88. Kan vi aftale en prøvetur?',NOW(),0),
(89,31,10,89,'Hej 89! Jeg er interesseret i annonce 89. Kan vi aftale en prøvetur?',NOW(),0),
(90,32,11,90,'Hej 90! Jeg er interesseret i annonce 90. Kan vi aftale en prøvetur?',NOW(),1),
(91,33,12,91,'Hej 91! Jeg er interesseret i annonce 91. Kan vi aftale en prøvetur?',NOW(),0),
(92,34,13,92,'Hej 92! Jeg er interesseret i annonce 92. Kan vi aftale en prøvetur?',NOW(),0),
(93,35,14,93,'Hej 93! Jeg er interesseret i annonce 93. Kan vi aftale en prøvetur?',NOW(),1),
(94,36,15,94,'Hej 94! Jeg er interesseret i annonce 94. Kan vi aftale en prøvetur?',NOW(),0),
(95,37,16,95,'Hej 95! Jeg er interesseret i annonce 95. Kan vi aftale en prøvetur?',NOW(),0),
(96,38,17,96,'Hej 96! Jeg er interesseret i annonce 96. Kan vi aftale en prøvetur?',NOW(),1),
(97,39,18,97,'Hej 97! Jeg er interesseret i annonce 97. Kan vi aftale en prøvetur?',NOW(),0),
(98,40,19,98,'Hej 98! Jeg er interesseret i annonce 98. Kan vi aftale en prøvetur?',NOW(),0),
(99,41,20,99,'Hej 99! Jeg er interesseret i annonce 99. Kan vi aftale en prøvetur?',NOW(),1),
(100,42,21,100,'Hej 100! Jeg er interesseret i annonce 100. Kan vi aftale en prøvetur?',NOW(),0);

-- CAR SALES (100)
INSERT INTO car_sale (id, car_listing_id, buyer_id, sold_at) VALUES
(1,1,22,DATE_SUB(NOW(), INTERVAL 1 DAY)),
(2,2,23,DATE_SUB(NOW(), INTERVAL 2 DAY)),
(3,3,24,DATE_SUB(NOW(), INTERVAL 3 DAY)),
(4,4,25,DATE_SUB(NOW(), INTERVAL 4 DAY)),
(5,5,26,DATE_SUB(NOW(), INTERVAL 5 DAY)),
(6,6,27,DATE_SUB(NOW(), INTERVAL 6 DAY)),
(7,7,28,DATE_SUB(NOW(), INTERVAL 7 DAY)),
(8,8,29,DATE_SUB(NOW(), INTERVAL 8 DAY)),
(9,9,30,DATE_SUB(NOW(), INTERVAL 9 DAY)),
(10,10,31,DATE_SUB(NOW(), INTERVAL 10 DAY)),
(11,11,32,DATE_SUB(NOW(), INTERVAL 11 DAY)),
(12,12,33,DATE_SUB(NOW(), INTERVAL 12 DAY)),
(13,13,34,DATE_SUB(NOW(), INTERVAL 13 DAY)),
(14,14,35,DATE_SUB(NOW(), INTERVAL 14 DAY)),
(15,15,36,DATE_SUB(NOW(), INTERVAL 15 DAY)),
(16,16,37,DATE_SUB(NOW(), INTERVAL 16 DAY)),
(17,17,38,DATE_SUB(NOW(), INTERVAL 17 DAY)),
(18,18,39,DATE_SUB(NOW(), INTERVAL 18 DAY)),
(19,19,40,DATE_SUB(NOW(), INTERVAL 19 DAY)),
(20,20,41,DATE_SUB(NOW(), INTERVAL 20 DAY)),
(21,21,42,DATE_SUB(NOW(), INTERVAL 21 DAY)),
(22,22,43,DATE_SUB(NOW(), INTERVAL 22 DAY)),
(23,23,44,DATE_SUB(NOW(), INTERVAL 23 DAY)),
(24,24,45,DATE_SUB(NOW(), INTERVAL 24 DAY)),
(25,25,46,DATE_SUB(NOW(), INTERVAL 25 DAY)),
(26,26,47,DATE_SUB(NOW(), INTERVAL 26 DAY)),
(27,27,48,DATE_SUB(NOW(), INTERVAL 27 DAY)),
(28,28,49,DATE_SUB(NOW(), INTERVAL 28 DAY)),
(29,29,50,DATE_SUB(NOW(), INTERVAL 29 DAY)),
(30,30,51,DATE_SUB(NOW(), INTERVAL 30 DAY)),
(31,31,52,DATE_SUB(NOW(), INTERVAL 31 DAY)),
(32,32,53,DATE_SUB(NOW(), INTERVAL 32 DAY)),
(33,33,54,DATE_SUB(NOW(), INTERVAL 33 DAY)),
(34,34,55,DATE_SUB(NOW(), INTERVAL 34 DAY)),
(35,35,56,DATE_SUB(NOW(), INTERVAL 35 DAY)),
(36,36,57,DATE_SUB(NOW(), INTERVAL 36 DAY)),
(37,37,58,DATE_SUB(NOW(), INTERVAL 37 DAY)),
(38,38,59,DATE_SUB(NOW(), INTERVAL 38 DAY)),
(39,39,60,DATE_SUB(NOW(), INTERVAL 39 DAY)),
(40,40,61,DATE_SUB(NOW(), INTERVAL 40 DAY)),
(41,41,62,DATE_SUB(NOW(), INTERVAL 41 DAY)),
(42,42,63,DATE_SUB(NOW(), INTERVAL 42 DAY)),
(43,43,64,DATE_SUB(NOW(), INTERVAL 43 DAY)),
(44,44,65,DATE_SUB(NOW(), INTERVAL 44 DAY)),
(45,45,66,DATE_SUB(NOW(), INTERVAL 45 DAY)),
(46,46,67,DATE_SUB(NOW(), INTERVAL 46 DAY)),
(47,47,68,DATE_SUB(NOW(), INTERVAL 47 DAY)),
(48,48,69,DATE_SUB(NOW(), INTERVAL 48 DAY)),
(49,49,70,DATE_SUB(NOW(), INTERVAL 49 DAY)),
(50,50,71,DATE_SUB(NOW(), INTERVAL 50 DAY)),
(51,51,72,DATE_SUB(NOW(), INTERVAL 51 DAY)),
(52,52,73,DATE_SUB(NOW(), INTERVAL 52 DAY)),
(53,53,74,DATE_SUB(NOW(), INTERVAL 53 DAY)),
(54,54,75,DATE_SUB(NOW(), INTERVAL 54 DAY)),
(55,55,76,DATE_SUB(NOW(), INTERVAL 55 DAY)),
(56,56,77,DATE_SUB(NOW(), INTERVAL 56 DAY)),
(57,57,78,DATE_SUB(NOW(), INTERVAL 57 DAY)),
(58,58,79,DATE_SUB(NOW(), INTERVAL 58 DAY)),
(59,59,80,DATE_SUB(NOW(), INTERVAL 59 DAY)),
(60,60,81,DATE_SUB(NOW(), INTERVAL 60 DAY)),
(61,61,82,DATE_SUB(NOW(), INTERVAL 61 DAY)),
(62,62,83,DATE_SUB(NOW(), INTERVAL 62 DAY)),
(63,63,84,DATE_SUB(NOW(), INTERVAL 63 DAY)),
(64,64,85,DATE_SUB(NOW(), INTERVAL 64 DAY)),
(65,65,86,DATE_SUB(NOW(), INTERVAL 65 DAY)),
(66,66,87,DATE_SUB(NOW(), INTERVAL 66 DAY)),
(67,67,88,DATE_SUB(NOW(), INTERVAL 67 DAY)),
(68,68,89,DATE_SUB(NOW(), INTERVAL 68 DAY)),
(69,69,90,DATE_SUB(NOW(), INTERVAL 69 DAY)),
(70,70,91,DATE_SUB(NOW(), INTERVAL 70 DAY)),
(71,71,92,DATE_SUB(NOW(), INTERVAL 71 DAY)),
(72,72,93,DATE_SUB(NOW(), INTERVAL 72 DAY)),
(73,73,94,DATE_SUB(NOW(), INTERVAL 73 DAY)),
(74,74,95,DATE_SUB(NOW(), INTERVAL 74 DAY)),
(75,75,96,DATE_SUB(NOW(), INTERVAL 75 DAY)),
(76,76,97,DATE_SUB(NOW(), INTERVAL 76 DAY)),
(77,77,98,DATE_SUB(NOW(), INTERVAL 77 DAY)),
(78,78,99,DATE_SUB(NOW(), INTERVAL 78 DAY)),
(79,79,100,DATE_SUB(NOW(), INTERVAL 79 DAY)),
(80,80,22,DATE_SUB(NOW(), INTERVAL 80 DAY)),
(81,81,23,DATE_SUB(NOW(), INTERVAL 81 DAY)),
(82,82,24,DATE_SUB(NOW(), INTERVAL 82 DAY)),
(83,83,25,DATE_SUB(NOW(), INTERVAL 83 DAY)),
(84,84,26,DATE_SUB(NOW(), INTERVAL 84 DAY)),
(85,85,27,DATE_SUB(NOW(), INTERVAL 85 DAY)),
(86,86,28,DATE_SUB(NOW(), INTERVAL 86 DAY)),
(87,87,29,DATE_SUB(NOW(), INTERVAL 87 DAY)),
(88,88,30,DATE_SUB(NOW(), INTERVAL 88 DAY)),
(89,89,31,DATE_SUB(NOW(), INTERVAL 89 DAY)),
(90,90,32,DATE_SUB(NOW(), INTERVAL 90 DAY)),
(91,91,33,DATE_SUB(NOW(), INTERVAL 91 DAY)),
(92,92,34,DATE_SUB(NOW(), INTERVAL 92 DAY)),
(93,93,35,DATE_SUB(NOW(), INTERVAL 93 DAY)),
(94,94,36,DATE_SUB(NOW(), INTERVAL 94 DAY)),
(95,95,37,DATE_SUB(NOW(), INTERVAL 95 DAY)),
(96,96,38,DATE_SUB(NOW(), INTERVAL 96 DAY)),
(97,97,39,DATE_SUB(NOW(), INTERVAL 97 DAY)),
(98,98,40,DATE_SUB(NOW(), INTERVAL 98 DAY)),
(99,99,41,DATE_SUB(NOW(), INTERVAL 99 DAY)),
(100,100,42,DATE_SUB(NOW(), INTERVAL 100 DAY));
