-- ============================================
-- 02_new_seed_data_01 — Truncate + Lookups
-- role, region, fuel_type, brand, model
-- ============================================

SET FOREIGN_KEY_CHECKS = 0;
TRUNCATE TABLE car_sale;
TRUNCATE TABLE message;
TRUNCATE TABLE favorite;
TRUNCATE TABLE car_listing;
TRUNCATE TABLE car;
TRUNCATE TABLE app_user;
TRUNCATE TABLE address;
TRUNCATE TABLE model;
TRUNCATE TABLE brand;
TRUNCATE TABLE fuel_type;
TRUNCATE TABLE region;
TRUNCATE TABLE role;
SET FOREIGN_KEY_CHECKS = 1;

-- ROLES
INSERT INTO role (id, name) VALUES
(1, 'ADMIN'),
(2, 'DEALER'),
(3, 'CUSTOMER');

-- REGIONS
INSERT INTO region (id, name) VALUES
(1, 'Hovedstaden'),
(2, 'Sjælland'),
(3, 'Syddanmark'),
(4, 'Midtjylland'),
(5, 'Nordjylland');

-- FUEL TYPES
INSERT INTO fuel_type (id, name) VALUES
(1, 'Benzin'),
(2, 'Diesel'),
(3, 'El'),
(4, 'Hybrid');

-- BRANDS
INSERT INTO brand (id, name) VALUES
(1,  'Toyota'),
(2,  'Volkswagen'),
(3,  'Ford'),
(4,  'BMW'),
(5,  'Mercedes-Benz'),
(6,  'Audi'),
(7,  'Honda'),
(8,  'Hyundai'),
(9,  'Kia'),
(10, 'Nissan'),
(11, 'Renault'),
(12, 'Peugeot'),
(13, 'Citroën'),
(14, 'Opel'),
(15, 'Škoda'),
(16, 'SEAT'),
(17, 'Volvo'),
(18, 'Tesla');

-- MODELS (brand_id matcher ovenstående brands korrekt)
INSERT INTO model (id, name, brand_id) VALUES
-- Toyota (1)
(1,  'Corolla',     1),
(2,  'Yaris',       1),
(3,  'Camry',       1),
(4,  'RAV4',        1),
(5,  'Prius',       1),
(6,  'Aygo',        1),
-- Volkswagen (2)
(7,  'Golf',        2),
(8,  'Polo',        2),
(9,  'Passat',      2),
(10, 'Tiguan',      2),
(11, 'Touran',      2),
(12, 'ID.3',        2),
(13, 'ID.4',        2),
(14, 'T-Roc',       2),
-- Ford (3)
(15, 'Focus',       3),
(16, 'Fiesta',      3),
(17, 'Mondeo',      3),
(18, 'Kuga',        3),
(19, 'Puma',        3),
(20, 'Mustang',     3),
-- BMW (4)
(21, '1 Series',    4),
(22, '3 Series',    4),
(23, '5 Series',    4),
(24, 'X1',          4),
(25, 'X3',          4),
(26, 'X5',          4),
-- Mercedes-Benz (5)
(27, 'A-Class',     5),
(28, 'C-Class',     5),
(29, 'E-Class',     5),
(30, 'GLA',         5),
(31, 'GLC',         5),
(32, 'GLE',         5),
-- Audi (6)
(33, 'A3',          6),
(34, 'A4',          6),
(35, 'A6',          6),
(36, 'Q3',          6),
(37, 'Q5',          6),
-- Honda (7)
(38, 'Civic',       7),
(39, 'Accord',      7),
(40, 'CR-V',        7),
(41, 'Jazz',        7),
(42, 'HR-V',        7),
-- Hyundai (8)
(43, 'i10',         8),
(44, 'i20',         8),
(45, 'i30',         8),
(46, 'Tucson',      8),
(47, 'Kona',        8),
(48, 'Ioniq 5',     8),
-- Kia (9)
(49, 'Picanto',     9),
(50, 'Rio',         9),
(51, 'Ceed',        9),
(52, 'Sportage',    9),
(53, 'Niro',        9),
(54, 'EV6',         9),
-- Nissan (10)
(55, 'Micra',       10),
(56, 'Juke',        10),
(57, 'Qashqai',     10),
(58, 'X-Trail',     10),
(59, 'Leaf',        10),
-- Renault (11)
(60, 'Clio',        11),
(61, 'Megane',      11),
(62, 'Captur',      11),
(63, 'Kadjar',      11),
(64, 'Zoe',         11),
-- Peugeot (12)
(65, '208',         12),
(66, '308',         12),
(67, '2008',        12),
(68, '3008',        12),
(69, '5008',        12),
-- Citroën (13)
(70, 'C3',          13),
(71, 'C4',          13),
(72, 'C5 Aircross', 13),
(73, 'Berlingo',    13),
-- Opel (14)
(74, 'Corsa',       14),
(75, 'Astra',       14),
(76, 'Mokka',       14),
(77, 'Grandland',   14),
-- Škoda (15)
(78, 'Fabia',       15),
(79, 'Octavia',     15),
(80, 'Superb',      15),
(81, 'Kodiaq',      15),
(82, 'Enyaq',       15),
-- SEAT (16)
(83, 'Ibiza',       16),
(84, 'Leon',        16),
(85, 'Arona',       16),
(86, 'Ateca',       16),
-- Volvo (17)
(87, 'XC40',        17),
(88, 'XC60',        17),
(89, 'XC90',        17),
(90, 'V60',         17),
(91, 'S60',         17),
-- Tesla (18)
(92, 'Model 3',     18),
(93, 'Model Y',     18),
(94, 'Model S',     18),
(95, 'Model X',     18),
-- Ekstra for at nå 100
(96,  'C-HR',         1),  -- Toyota
(97,  'Arteon',       2),  -- Volkswagen
(98,  'EcoSport',     3),  -- Ford
(99,  'Q2',           6),  -- Audi
(100, 'e-tron',       6);  -- Audi

-- ============================================
-- 02_new_seed_data_02 — Users (app_user)
-- id 1      = admin
-- id 2–21   = dealers
-- id 22–100 = customers
-- ============================================

INSERT INTO app_user (id, username, email, password_hash, first_name, last_name, phone, role_id, created_at, updated_at) VALUES
-- Admin
(1,  'admin',       'admin@example.com',        '$2a$10$dummyhashdummyhashdummyhashdummyhashdummyhash', 'Mads',      'Nielsen',      '+4520000001', 1, NOW(), NOW()),
-- Dealers
(2,  'dealer1',     'dealer1@example.com',      '$2a$10$dummyhashdummyhashdummyhashdummyhashdummyhash', 'Noah',      'Nielsen',      '+4520000002', 2, NOW(), NOW()),
(3,  'dealer2',     'dealer2@example.com',      '$2a$10$dummyhashdummyhashdummyhashdummyhashdummyhash', 'William',   'Jensen',       '+4520000003', 2, NOW(), NOW()),
(4,  'dealer3',     'dealer3@example.com',      '$2a$10$dummyhashdummyhashdummyhashdummyhashdummyhash', 'Emil',      'Hansen',       '+4520000004', 2, NOW(), NOW()),
(5,  'dealer4',     'dealer4@example.com',      '$2a$10$dummyhashdummyhashdummyhashdummyhashdummyhash', 'Oscar',     'Pedersen',     '+4520000005', 2, NOW(), NOW()),
(6,  'dealer5',     'dealer5@example.com',      '$2a$10$dummyhashdummyhashdummyhashdummyhashdummyhash', 'Oliver',    'Andersen',     '+4520000006', 2, NOW(), NOW()),
(7,  'dealer6',     'dealer6@example.com',      '$2a$10$dummyhashdummyhashdummyhashdummyhashdummyhash', 'Alfred',    'Christensen',  '+4520000007', 2, NOW(), NOW()),
(8,  'dealer7',     'dealer7@example.com',      '$2a$10$dummyhashdummyhashdummyhashdummyhashdummyhash', 'Frederik',  'Larsen',       '+4520000008', 2, NOW(), NOW()),
(9,  'dealer8',     'dealer8@example.com',      '$2a$10$dummyhashdummyhashdummyhashdummyhashdummyhash', 'Carl',      'Sørensen',     '+4520000009', 2, NOW(), NOW()),
(10, 'dealer9',     'dealer9@example.com',      '$2a$10$dummyhashdummyhashdummyhashdummyhashdummyhash', 'Lucas',     'Rasmussen',    '+4520000010', 2, NOW(), NOW()),
(11, 'dealer10',    'dealer10@example.com',     '$2a$10$dummyhashdummyhashdummyhashdummyhashdummyhash', 'Malthe',    'Jørgensen',    '+4520000011', 2, NOW(), NOW()),
(12, 'dealer11',    'dealer11@example.com',     '$2a$10$dummyhashdummyhashdummyhashdummyhashdummyhash', 'Mathias',   'Petersen',     '+4520000012', 2, NOW(), NOW()),
(13, 'dealer12',    'dealer12@example.com',     '$2a$10$dummyhashdummyhashdummyhashdummyhashdummyhash', 'Alexander', 'Madsen',       '+4520000013', 2, NOW(), NOW()),
(14, 'dealer13',    'dealer13@example.com',     '$2a$10$dummyhashdummyhashdummyhashdummyhashdummyhash', 'Elias',     'Kristensen',   '+4520000014', 2, NOW(), NOW()),
(15, 'dealer14',    'dealer14@example.com',     '$2a$10$dummyhashdummyhashdummyhashdummyhashdummyhash', 'Johan',     'Olsen',        '+4520000015', 2, NOW(), NOW()),
(16, 'dealer15',    'dealer15@example.com',     '$2a$10$dummyhashdummyhashdummyhashdummyhashdummyhash', 'Victor',    'Thomsen',      '+4520000016', 2, NOW(), NOW()),
(17, 'dealer16',    'dealer16@example.com',     '$2a$10$dummyhashdummyhashdummyhashdummyhashdummyhash', 'Mikkel',    'Christiansen', '+4520000017', 2, NOW(), NOW()),
(18, 'dealer17',    'dealer17@example.com',     '$2a$10$dummyhashdummyhashdummyhashdummyhashdummyhash', 'Liam',      'Poulsen',      '+4520000018', 2, NOW(), NOW()),
(19, 'dealer18',    'dealer18@example.com',     '$2a$10$dummyhashdummyhashdummyhashdummyhashdummyhash', 'Felix',     'Johansen',     '+4520000019', 2, NOW(), NOW()),
(20, 'dealer19',    'dealer19@example.com',     '$2a$10$dummyhashdummyhashdummyhashdummyhashdummyhash', 'Benjamin',  'Møller',       '+4520000020', 2, NOW(), NOW()),
(21, 'dealer20',    'dealer20@example.com',     '$2a$10$dummyhashdummyhashdummyhashdummyhashdummyhash', 'Tobias',    'Mortensen',    '+4520000021', 2, NOW(), NOW()),
-- Customers
(22, 'customer22',  'customer22@example.com',   '$2a$10$dummyhashdummyhashdummyhashdummyhashdummyhash', 'Emma',      'Poulsen',      '+4520000022', 3, NOW(), NOW()),
(23, 'customer23',  'customer23@example.com',   '$2a$10$dummyhashdummyhashdummyhashdummyhashdummyhash', 'Ida',       'Mortensen',    '+4520000023', 3, NOW(), NOW()),
(24, 'customer24',  'customer24@example.com',   '$2a$10$dummyhashdummyhashdummyhashdummyhashdummyhash', 'Freja',     'Knudsen',      '+4520000024', 3, NOW(), NOW()),
(25, 'customer25',  'customer25@example.com',   '$2a$10$dummyhashdummyhashdummyhashdummyhashdummyhash', 'Laura',     'Iversen',      '+4520000025', 3, NOW(), NOW()),
(26, 'customer26',  'customer26@example.com',   '$2a$10$dummyhashdummyhashdummyhashdummyhashdummyhash', 'Clara',     'Lund',         '+4520000026', 3, NOW(), NOW()),
(27, 'customer27',  'customer27@example.com',   '$2a$10$dummyhashdummyhashdummyhashdummyhashdummyhash', 'Caroline',  'Nissen',       '+4520000027', 3, NOW(), NOW()),
(28, 'customer28',  'customer28@example.com',   '$2a$10$dummyhashdummyhashdummyhashdummyhashdummyhash', 'Anna',      'Haugaard',     '+4520000028', 3, NOW(), NOW()),
(29, 'customer29',  'customer29@example.com',   '$2a$10$dummyhashdummyhashdummyhashdummyhashdummyhash', 'Alma',      'Sand',         '+4520000029', 3, NOW(), NOW()),
(30, 'customer30',  'customer30@example.com',   '$2a$10$dummyhashdummyhashdummyhashdummyhashdummyhash', 'Isabella',  'Clausen',      '+4520000030', 3, NOW(), NOW()),
(31, 'customer31',  'customer31@example.com',   '$2a$10$dummyhashdummyhashdummyhashdummyhashdummyhash', 'Julie',     'Lykke',        '+4520000031', 3, NOW(), NOW()),
(32, 'customer32',  'customer32@example.com',   '$2a$10$dummyhashdummyhashdummyhashdummyhashdummyhash', 'Maja',      'Dahl',         '+4520000032', 3, NOW(), NOW()),
(33, 'customer33',  'customer33@example.com',   '$2a$10$dummyhashdummyhashdummyhashdummyhashdummyhash', 'Liva',      'Grøn',         '+4520000033', 3, NOW(), NOW()),
(34, 'customer34',  'customer34@example.com',   '$2a$10$dummyhashdummyhashdummyhashdummyhashdummyhash', 'Asta',      'Hansen',       '+4520000034', 3, NOW(), NOW()),
(35, 'customer35',  'customer35@example.com',   '$2a$10$dummyhashdummyhashdummyhashdummyhashdummyhash', 'Agnes',     'Christensen',  '+4520000035', 3, NOW(), NOW()),
(36, 'customer36',  'customer36@example.com',   '$2a$10$dummyhashdummyhashdummyhashdummyhashdummyhash', 'Ellen',     'Rasmussen',    '+4520000036', 3, NOW(), NOW()),
(37, 'customer37',  'customer37@example.com',   '$2a$10$dummyhashdummyhashdummyhashdummyhashdummyhash', 'Johanne',   'Madsen',       '+4520000037', 3, NOW(), NOW()),
(38, 'customer38',  'customer38@example.com',   '$2a$10$dummyhashdummyhashdummyhashdummyhashdummyhash', 'Mathilde',  'Thomsen',      '+4520000038', 3, NOW(), NOW()),
(39, 'customer39',  'customer39@example.com',   '$2a$10$dummyhashdummyhashdummyhashdummyhashdummyhash', 'Sara',      'Johansen',     '+4520000039', 3, NOW(), NOW()),
(40, 'customer40',  'customer40@example.com',   '$2a$10$dummyhashdummyhashdummyhashdummyhashdummyhash', 'Victoria',  'Jespersen',    '+4520000040', 3, NOW(), NOW()),
(41, 'customer41',  'customer41@example.com',   '$2a$10$dummyhashdummyhashdummyhashdummyhashdummyhash', 'Nora',      'Eriksen',      '+4520000041', 3, NOW(), NOW()),
(42, 'customer42',  'customer42@example.com',   '$2a$10$dummyhashdummyhashdummyhashdummyhashdummyhash', 'Aya',       'Bjerre',       '+4520000042', 3, NOW(), NOW()),
(43, 'customer43',  'customer43@example.com',   '$2a$10$dummyhashdummyhashdummyhashdummyhashdummyhash', 'Liv',       'Holst',        '+4520000043', 3, NOW(), NOW()),
(44, 'customer44',  'customer44@example.com',   '$2a$10$dummyhashdummyhashdummyhashdummyhashdummyhash', 'Karla',     'Svendsen',     '+4520000044', 3, NOW(), NOW()),
(45, 'customer45',  'customer45@example.com',   '$2a$10$dummyhashdummyhashdummyhashdummyhashdummyhash', 'Josefine',  'Winther',      '+4520000045', 3, NOW(), NOW()),
(46, 'customer46',  'customer46@example.com',   '$2a$10$dummyhashdummyhashdummyhashdummyhashdummyhash', 'Olivia',    'Vestergaard',  '+4520000046', 3, NOW(), NOW()),
(47, 'customer47',  'customer47@example.com',   '$2a$10$dummyhashdummyhashdummyhashdummyhashdummyhash', 'Louise',    'Hedegaard',    '+4520000047', 3, NOW(), NOW()),
(48, 'customer48',  'customer48@example.com',   '$2a$10$dummyhashdummyhashdummyhashdummyhashdummyhash', 'Amalie',    'Berg',         '+4520000048', 3, NOW(), NOW()),
(49, 'customer49',  'customer49@example.com',   '$2a$10$dummyhashdummyhashdummyhashdummyhashdummyhash', 'Lea',       'Høj',          '+4520000049', 3, NOW(), NOW()),
(50, 'customer50',  'customer50@example.com',   '$2a$10$dummyhashdummyhashdummyhashdummyhashdummyhash', 'Emily',     'Nielsen',      '+4520000050', 3, NOW(), NOW()),
(51, 'customer51',  'customer51@example.com',   '$2a$10$dummyhashdummyhashdummyhashdummyhashdummyhash', 'Noah',      'Pedersen',     '+4520000051', 3, NOW(), NOW()),
(52, 'customer52',  'customer52@example.com',   '$2a$10$dummyhashdummyhashdummyhashdummyhashdummyhash', 'William',   'Larsen',       '+4520000052', 3, NOW(), NOW()),
(53, 'customer53',  'customer53@example.com',   '$2a$10$dummyhashdummyhashdummyhashdummyhashdummyhash', 'Emil',      'Jørgensen',    '+4520000053', 3, NOW(), NOW()),
(54, 'customer54',  'customer54@example.com',   '$2a$10$dummyhashdummyhashdummyhashdummyhashdummyhash', 'Oscar',     'Kristensen',   '+4520000054', 3, NOW(), NOW()),
(55, 'customer55',  'customer55@example.com',   '$2a$10$dummyhashdummyhashdummyhashdummyhashdummyhash', 'Oliver',    'Christiansen', '+4520000055', 3, NOW(), NOW()),
(56, 'customer56',  'customer56@example.com',   '$2a$10$dummyhashdummyhashdummyhashdummyhashdummyhash', 'Alfred',    'Møller',       '+4520000056', 3, NOW(), NOW()),
(57, 'customer57',  'customer57@example.com',   '$2a$10$dummyhashdummyhashdummyhashdummyhashdummyhash', 'Frederik',  'Frandsen',     '+4520000057', 3, NOW(), NOW()),
(58, 'customer58',  'customer58@example.com',   '$2a$10$dummyhashdummyhashdummyhashdummyhashdummyhash', 'Carl',      'Holm',         '+4520000058', 3, NOW(), NOW()),
(59, 'customer59',  'customer59@example.com',   '$2a$10$dummyhashdummyhashdummyhashdummyhashdummyhash', 'Lucas',     'Krogh',        '+4520000059', 3, NOW(), NOW()),
(60, 'customer60',  'customer60@example.com',   '$2a$10$dummyhashdummyhashdummyhashdummyhashdummyhash', 'Malthe',    'Bang',         '+4520000060', 3, NOW(), NOW()),
(61, 'customer61',  'customer61@example.com',   '$2a$10$dummyhashdummyhashdummyhashdummyhashdummyhash', 'Mathias',   'Dam',          '+4520000061', 3, NOW(), NOW()),
(62, 'customer62',  'customer62@example.com',   '$2a$10$dummyhashdummyhashdummyhashdummyhashdummyhash', 'Alexander', 'Skov',         '+4520000062', 3, NOW(), NOW()),
(63, 'customer63',  'customer63@example.com',   '$2a$10$dummyhashdummyhashdummyhashdummyhashdummyhash', 'Elias',     'Kjær',         '+4520000063', 3, NOW(), NOW()),
(64, 'customer64',  'customer64@example.com',   '$2a$10$dummyhashdummyhashdummyhashdummyhashdummyhash', 'Johan',     'Nørgaard',     '+4520000064', 3, NOW(), NOW()),
(65, 'customer65',  'customer65@example.com',   '$2a$10$dummyhashdummyhashdummyhashdummyhashdummyhash', 'Victor',    'Toft',         '+4520000065', 3, NOW(), NOW()),
(66, 'customer66',  'customer66@example.com',   '$2a$10$dummyhashdummyhashdummyhashdummyhashdummyhash', 'Mikkel',    'Bæk',          '+4520000066', 3, NOW(), NOW()),
(67, 'customer67',  'customer67@example.com',   '$2a$10$dummyhashdummyhashdummyhashdummyhashdummyhash', 'Liam',      'Jensen',       '+4520000067', 3, NOW(), NOW()),
(68, 'customer68',  'customer68@example.com',   '$2a$10$dummyhashdummyhashdummyhashdummyhashdummyhash', 'Felix',     'Andersen',     '+4520000068', 3, NOW(), NOW()),
(69, 'customer69',  'customer69@example.com',   '$2a$10$dummyhashdummyhashdummyhashdummyhashdummyhash', 'Benjamin',  'Sørensen',     '+4520000069', 3, NOW(), NOW()),
(70, 'customer70',  'customer70@example.com',   '$2a$10$dummyhashdummyhashdummyhashdummyhashdummyhash', 'Tobias',    'Petersen',     '+4520000070', 3, NOW(), NOW()),
(71, 'customer71',  'customer71@example.com',   '$2a$10$dummyhashdummyhashdummyhashdummyhashdummyhash', 'Sofia',     'Olsen',        '+4520000071', 3, NOW(), NOW()),
(72, 'customer72',  'customer72@example.com',   '$2a$10$dummyhashdummyhashdummyhashdummyhashdummyhash', 'Emma',      'Poulsen',      '+4520000072', 3, NOW(), NOW()),
(73, 'customer73',  'customer73@example.com',   '$2a$10$dummyhashdummyhashdummyhashdummyhashdummyhash', 'Ida',       'Mortensen',    '+4520000073', 3, NOW(), NOW()),
(74, 'customer74',  'customer74@example.com',   '$2a$10$dummyhashdummyhashdummyhashdummyhashdummyhash', 'Freja',     'Knudsen',      '+4520000074', 3, NOW(), NOW()),
(75, 'customer75',  'customer75@example.com',   '$2a$10$dummyhashdummyhashdummyhashdummyhashdummyhash', 'Laura',     'Iversen',      '+4520000075', 3, NOW(), NOW()),
(76, 'customer76',  'customer76@example.com',   '$2a$10$dummyhashdummyhashdummyhashdummyhashdummyhash', 'Clara',     'Lund',         '+4520000076', 3, NOW(), NOW()),
(77, 'customer77',  'customer77@example.com',   '$2a$10$dummyhashdummyhashdummyhashdummyhashdummyhash', 'Caroline',  'Nissen',       '+4520000077', 3, NOW(), NOW()),
(78, 'customer78',  'customer78@example.com',   '$2a$10$dummyhashdummyhashdummyhashdummyhashdummyhash', 'Anna',      'Haugaard',     '+4520000078', 3, NOW(), NOW()),
(79, 'customer79',  'customer79@example.com',   '$2a$10$dummyhashdummyhashdummyhashdummyhashdummyhash', 'Alma',      'Sand',         '+4520000079', 3, NOW(), NOW()),
(80, 'customer80',  'customer80@example.com',   '$2a$10$dummyhashdummyhashdummyhashdummyhashdummyhash', 'Isabella',  'Clausen',      '+4520000080', 3, NOW(), NOW()),
(81, 'customer81',  'customer81@example.com',   '$2a$10$dummyhashdummyhashdummyhashdummyhashdummyhash', 'Julie',     'Lykke',        '+4520000081', 3, NOW(), NOW()),
(82, 'customer82',  'customer82@example.com',   '$2a$10$dummyhashdummyhashdummyhashdummyhashdummyhash', 'Maja',      'Dahl',         '+4520000082', 3, NOW(), NOW()),
(83, 'customer83',  'customer83@example.com',   '$2a$10$dummyhashdummyhashdummyhashdummyhashdummyhash', 'Liva',      'Grøn',         '+4520000083', 3, NOW(), NOW()),
(84, 'customer84',  'customer84@example.com',   '$2a$10$dummyhashdummyhashdummyhashdummyhashdummyhash', 'Asta',      'Hansen',       '+4520000084', 3, NOW(), NOW()),
(85, 'customer85',  'customer85@example.com',   '$2a$10$dummyhashdummyhashdummyhashdummyhashdummyhash', 'Agnes',     'Christensen',  '+4520000085', 3, NOW(), NOW()),
(86, 'customer86',  'customer86@example.com',   '$2a$10$dummyhashdummyhashdummyhashdummyhashdummyhash', 'Ellen',     'Rasmussen',    '+4520000086', 3, NOW(), NOW()),
(87, 'customer87',  'customer87@example.com',   '$2a$10$dummyhashdummyhashdummyhashdummyhashdummyhash', 'Johanne',   'Madsen',       '+4520000087', 3, NOW(), NOW()),
(88, 'customer88',  'customer88@example.com',   '$2a$10$dummyhashdummyhashdummyhashdummyhashdummyhash', 'Mathilde',  'Thomsen',      '+4520000088', 3, NOW(), NOW()),
(89, 'customer89',  'customer89@example.com',   '$2a$10$dummyhashdummyhashdummyhashdummyhashdummyhash', 'Sara',      'Johansen',     '+4520000089', 3, NOW(), NOW()),
(90, 'customer90',  'customer90@example.com',   '$2a$10$dummyhashdummyhashdummyhashdummyhashdummyhash', 'Victoria',  'Jespersen',    '+4520000090', 3, NOW(), NOW()),
(91, 'customer91',  'customer91@example.com',   '$2a$10$dummyhashdummyhashdummyhashdummyhashdummyhash', 'Nora',      'Eriksen',      '+4520000091', 3, NOW(), NOW()),
(92, 'customer92',  'customer92@example.com',   '$2a$10$dummyhashdummyhashdummyhashdummyhashdummyhash', 'Aya',       'Bjerre',       '+4520000092', 3, NOW(), NOW()),
(93, 'customer93',  'customer93@example.com',   '$2a$10$dummyhashdummyhashdummyhashdummyhashdummyhash', 'Liv',       'Holst',        '+4520000093', 3, NOW(), NOW()),
(94, 'customer94',  'customer94@example.com',   '$2a$10$dummyhashdummyhashdummyhashdummyhashdummyhash', 'Karla',     'Svendsen',     '+4520000094', 3, NOW(), NOW()),
(95, 'customer95',  'customer95@example.com',   '$2a$10$dummyhashdummyhashdummyhashdummyhashdummyhash', 'Josefine',  'Winther',      '+4520000095', 3, NOW(), NOW()),
(96, 'customer96',  'customer96@example.com',   '$2a$10$dummyhashdummyhashdummyhashdummyhashdummyhash', 'Olivia',    'Vestergaard',  '+4520000096', 3, NOW(), NOW()),
(97, 'customer97',  'customer97@example.com',   '$2a$10$dummyhashdummyhashdummyhashdummyhashdummyhash', 'Louise',    'Hedegaard',    '+4520000097', 3, NOW(), NOW()),
(98, 'customer98',  'customer98@example.com',   '$2a$10$dummyhashdummyhashdummyhashdummyhashdummyhash', 'Amalie',    'Berg',         '+4520000098', 3, NOW(), NOW()),
(99, 'customer99',  'customer99@example.com',   '$2a$10$dummyhashdummyhashdummyhashdummyhashdummyhash', 'Lea',       'Høj',          '+4520000099', 3, NOW(), NOW()),
(100,'customer100', 'customer100@example.com',  '$2a$10$dummyhashdummyhashdummyhashdummyhashdummyhash', 'Emily',     'Nielsen',      '+4520000100', 3, NOW(), NOW());

-- ============================================
-- 02_new_seed_data_03 — Addresses + Cars
-- ============================================

-- ADDRESSES (100) — region_id 1-5 cyklisk, realistiske postnumre
INSERT INTO address (id, street, postal_code, city, region_id) VALUES
(1,  'Birkevej 1',       '2100', 'København Ø',  1),
(2,  'Egevej 2',         '4000', 'Roskilde',      2),
(3,  'Ahornvej 3',       '5000', 'Odense C',      3),
(4,  'Skovvej 4',        '8000', 'Aarhus C',      4),
(5,  'Parkvej 5',        '9000', 'Aalborg',       5),
(6,  'Havnevej 6',       '6700', 'Esbjerg',       3),
(7,  'Stationsvej 7',    '6000', 'Kolding',       3),
(8,  'Engvej 8',         '8700', 'Horsens',       4),
(9,  'Bakkevej 9',       '7100', 'Vejle',         4),
(10, 'Strandvej 10',     '7400', 'Herning',       4),
(11, 'Nørrebrogade 11',  '2200', 'København N',   1),
(12, 'Vestergade 12',    '4200', 'Slagelse',      2),
(13, 'Østergade 13',     '5200', 'Odense V',      3),
(14, 'Søndergade 14',    '8200', 'Aarhus N',      4),
(15, 'Kongevejen 15',    '9200', 'Aalborg SV',    5),
(16, 'Industrivej 16',   '6800', 'Varde',         3),
(17, 'Bredgade 17',      '6100', 'Haderslev',     3),
(18, 'Rosenvej 18',      '8600', 'Silkeborg',     4),
(19, 'Pilevej 19',       '7000', 'Fredericia',    3),
(20, 'Elmevej 20',       '7500', 'Holstebro',     4),
(21, 'Frederiksberg A 21','2000','Frederiksberg',  1),
(22, 'Algade 22',         '4100','Ringsted',       2),
(23, 'Filosofgangen 23',  '5100','Odense',         3),
(24, 'Viborgvej 24',      '8800','Viborg',         4),
(25, 'Hobrovej 25',       '9500','Hobro',          5),
(26, 'Nørregade 26',      '6900','Skjern',         4),
(27, 'Torvegade 27',      '6200','Aabenraa',       3),
(28, 'Skanderborgvej 28', '8660','Skanderborg',    4),
(29, 'Boulevarden 29',    '7200','Grindsted',      4),
(30, 'Nyvej 30',          '7600','Struer',         4),
(31, 'Amager B 31',       '2300','København S',    1),
(32, 'Jernbanevej 32',    '4300','Holbæk',         2),
(33, 'Thomas B Thriges G 33','5230','Odense M',    3),
(34, 'Randersvej 34',     '8400','Ebeltoft',       4),
(35, 'Nørresundby T 35',  '9400','Nørresundby',    5),
(36, 'Vardevej 36',       '6715','Esbjerg N',      3),
(37, 'Kongevej 37',       '6400','Sønderborg',     3),
(38, 'Åvej 38',           '8300','Odder',          4),
(39, 'Grønvej 39',        '7300','Jelling',        4),
(40, 'Fjordvej 40',       '7800','Skive',          4),
(41, 'Valby L 41',        '2500','Valby',          1),
(42, 'Præstøvej 42',      '4700','Næstved',        2),
(43, 'Munkebjergvej 43',  '5220','Odense SØ',      3),
(44, 'Grenåvej 44',       '8500','Grenaa',         4),
(45, 'Limfjordsvej 45',   '9800','Hjørring',       5),
(46, 'Storegade 46',      '6240','Løgumkloster',   3),
(47, 'Ribevej 47',        '6500','Vojens',         3),
(48, 'Møllevej 48',       '8450','Hammel',         4),
(49, 'Nørrekær 49',       '7120','Vejle Ø',        4),
(50, 'Havnegade 50',      '7700','Thisted',        5),
(51, 'Gladsaxe T 51',     '2860','Søborg',         1),
(52, 'Køgevej 52',        '4600','Køge',           2),
(53, 'Rugårdsvej 53',     '5210','Odense NV',      3),
(54, 'Djurslandsvej 54',  '8550','Ryomgård',       4),
(55, 'Vesterbro 55',      '9000','Aalborg',        5),
(56, 'Lundvej 56',        '6270','Tønder',         3),
(57, 'Haderslevvej 57',   '6560','Sommersted',     3),
(58, 'Ry Landevej 58',    '8680','Ry',             4),
(59, 'Børkop L 59',       '7080','Børkop',         4),
(60, 'Morsøvej 60',       '7900','Nykøbing M',     5),
(61, 'Hvidovre T 61',     '2650','Hvidovre',       1),
(62, 'Vordingborgvej 62', '4760','Vordingborg',    2),
(63, 'Svendborgvej 63',   '5700','Svendborg',      3),
(64, 'Rosenholmvej 64',   '8543','Hornslet',       4),
(65, 'Frederikshavn A 65','9900','Frederikshavn',  5),
(66, 'Gråstenvej 66',     '6300','Gråsten',        3),
(67, 'Åbenråvej 67',      '6340','Kruså',          3),
(68, 'Bryrupvej 68',      '8654','Bryrup',         4),
(69, 'Egtved L 69',       '6040','Egtved',         3),
(70, 'Thisted K 70',      '7700','Thisted',        5),
(71, 'Brønshøj T 71',     '2700','Brønshøj',       1),
(72, 'Haslev B 72',       '4690','Haslev',         2),
(73, 'Assens V 73',       '5610','Assens',         3),
(74, 'Randers A 74',      '8900','Randers C',      4),
(75, 'Brønderslev A 75',  '9700','Brønderslev',    5),
(76, 'Padborg G 76',      '6330','Padborg',        3),
(77, 'Christiansfeld G 77','6070','Christiansfeld',3),
(78, 'Gjern L 78',        '8883','Gjern',          4),
(79, 'Give B 79',         '7323','Give',           4),
(80, 'Mors N 80',         '7950','Erslev',         5),
(81, 'Lyngby T 81',       '2800','Lyngby',         1),
(82, 'Faxe L 82',         '4640','Faxe',           2),
(83, 'Faaborg G 83',      '5600','Faaborg',        3),
(84, 'Favrskov A 84',     '8450','Hammel',         4),
(85, 'Læsø A 85',         '9940','Læsø',           5),
(86, 'Nordborg A 86',     '6430','Nordborg',       3),
(87, 'Vojens B 87',       '6500','Vojens',         3),
(88, 'Ikast B 88',        '7430','Ikast',          4),
(89, 'Billund A 89',      '7190','Billund',        4),
(90, 'Morsø A 90',        '7900','Nykøbing M',     5),
(91, 'Gentofte T 91',     '2820','Gentofte',       1),
(92, 'Sorø A 92',         '4180','Sorø',           2),
(93, 'Kerteminde A 93',   '5300','Kerteminde',     3),
(94, 'Skanderborg A 94',  '8660','Skanderborg',    4),
(95, 'Jammerbugt A 95',   '9490','Pandrup',        5),
(96, 'Augustenborg A 96', '6440','Augustenborg',   3),
(97, 'Bredebro A 97',     '6261','Bredebro',       3),
(98, 'Kjellerup A 98',    '8620','Kjellerup',      4),
(99, 'Vejle N 99',        '7100','Vejle',          4),
(100,'Morsø B 100',       '7900','Nykøbing M',     5);

-- CARS (100) — model_id 1-100 (alle gyldige fra _01), fuel_type 1-4 cyklisk
INSERT INTO car (id, model_id, fuel_type_id, price, year, mileage_km, color) VALUES
(1,  1,  1, 89900.00, 2018, 45000, 'Sort'),
(2,  2,  1, 74900.00, 2019, 38000, 'Hvid'),
(3,  3,  2,129000.00, 2020, 22000, 'Grå'),
(4,  4,  4,219000.00, 2021, 15000, 'Sølv'),
(5,  5,  4,159000.00, 2020, 28000, 'Blå'),
(6,  6,  1, 64900.00, 2017, 61000, 'Rød'),
(7,  7,  1,119000.00, 2019, 33000, 'Hvid'),
(8,  8,  1, 84900.00, 2020, 27000, 'Grå'),
(9,  9,  2,144000.00, 2018, 51000, 'Sort'),
(10, 10, 2,164000.00, 2019, 29000, 'Sølv'),
(11, 11, 2,189000.00, 2021, 12000, 'Sort'),
(12, 12, 3,249000.00, 2022,  8000, 'Hvid'),
(13, 13, 3,289000.00, 2022,  5000, 'Grå'),
(14, 14, 2,159000.00, 2019, 34000, 'Blå'),
(15, 15, 1, 99000.00, 2018, 42000, 'Rød'),
(16, 16, 1, 69900.00, 2017, 67000, 'Sort'),
(17, 17, 2,134000.00, 2020, 19000, 'Hvid'),
(18, 18, 4,189000.00, 2021, 11000, 'Grå'),
(19, 19, 1,349000.00, 2022,  6000, 'Sølv'),
(20, 20, 1,259000.00, 2021, 14000, 'Blå'),
(21, 21, 2,239000.00, 2020, 23000, 'Rød'),
(22, 22, 1,179000.00, 2020, 18000, 'Sort'),
(23, 23, 2,289000.00, 2019, 31000, 'Hvid'),
(24, 24, 1,229000.00, 2021,  9000, 'Grå'),
(25, 25, 2,299000.00, 2020, 22000, 'Sølv'),
(26, 26, 1,449000.00, 2022,  7000, 'Blå'),
(27, 27, 2,199000.00, 2019, 28000, 'Rød'),
(28, 28, 2,269000.00, 2020, 17000, 'Sort'),
(29, 29, 1,149000.00, 2021, 13000, 'Hvid'),
(30, 30, 4,219000.00, 2020, 21000, 'Grå'),
(31, 31, 2,289000.00, 2021, 10000, 'Sølv'),
(32, 32, 2,339000.00, 2022,  5000, 'Blå'),
(33, 33, 1,179000.00, 2020, 24000, 'Rød'),
(34, 34, 2,229000.00, 2021, 16000, 'Sort'),
(35, 35, 2,289000.00, 2020, 20000, 'Hvid'),
(36, 36, 4,219000.00, 2021, 11000, 'Grå'),
(37, 37, 2,229000.00, 2021, 13000, 'Sølv'),
(38, 38, 1,139000.00, 2019, 36000, 'Blå'),
(39, 39, 2,169000.00, 2020, 27000, 'Rød'),
(40, 40, 2,199000.00, 2020, 22000, 'Sort'),
(41, 41, 1, 64900.00, 2018, 52000, 'Hvid'),
(42, 42, 4,189000.00, 2021, 14000, 'Grå'),
(43, 43, 1, 54900.00, 2017, 61000, 'Sølv'),
(44, 44, 1, 79900.00, 2019, 39000, 'Blå'),
(45, 45, 1,119000.00, 2020, 25000, 'Rød'),
(46, 46, 2,199000.00, 2021, 12000, 'Sort'),
(47, 47, 4,229000.00, 2021,  9000, 'Hvid'),
(48, 48, 3,369000.00, 2022,  4000, 'Grå'),
(49, 49, 1, 49900.00, 2018, 58000, 'Sølv'),
(50, 50, 1, 74900.00, 2019, 43000, 'Blå'),
(51, 51, 1,109000.00, 2020, 28000, 'Rød'),
(52, 52, 2,189000.00, 2021, 11000, 'Sort'),
(53, 53, 4,219000.00, 2021, 13000, 'Hvid'),
(54, 54, 3,349000.00, 2022,  3000, 'Grå'),
(55, 55, 2,179000.00, 2020, 26000, 'Sølv'),
(56, 56, 1,139000.00, 2019, 38000, 'Blå'),
(57, 57, 3,219000.00, 2020, 18000, 'Rød'),
(58, 58, 2,189000.00, 2020, 22000, 'Sort'),
(59, 59, 1, 74900.00, 2018, 49000, 'Hvid'),
(60, 60, 1, 84900.00, 2019, 37000, 'Grå'),
(61, 61, 1, 99000.00, 2020, 30000, 'Sølv'),
(62, 62, 4,149000.00, 2021, 15000, 'Blå'),
(63, 63, 2,149000.00, 2020, 24000, 'Rød'),
(64, 64, 4,189000.00, 2021, 12000, 'Sort'),
(65, 65, 1, 79900.00, 2019, 41000, 'Hvid'),
(66, 66, 2,134000.00, 2020, 21000, 'Grå'),
(67, 67, 4,179000.00, 2021, 14000, 'Sølv'),
(68, 68, 2,199000.00, 2020, 19000, 'Blå'),
(69, 69, 2,239000.00, 2021, 11000, 'Rød'),
(70, 70, 1, 94900.00, 2019, 35000, 'Sort'),
(71, 71, 1, 74900.00, 2018, 47000, 'Hvid'),
(72, 72, 4,169000.00, 2021, 13000, 'Grå'),
(73, 73, 2,189000.00, 2020, 20000, 'Sølv'),
(74, 74, 1, 74900.00, 2019, 40000, 'Blå'),
(75, 75, 1, 84900.00, 2020, 32000, 'Rød'),
(76, 76, 2,119000.00, 2020, 26000, 'Sort'),
(77, 77, 1,159000.00, 2020, 22000, 'Hvid'),
(78, 78, 2,129000.00, 2019, 34000, 'Grå'),
(79, 79, 2,219000.00, 2021, 12000, 'Sølv'),
(80, 80, 4,169000.00, 2020, 23000, 'Blå'),
(81, 81, 1, 79900.00, 2019, 42000, 'Rød'),
(82, 82, 2,219000.00, 2020, 18000, 'Sort'),
(83, 83, 2,219000.00, 2021, 11000, 'Hvid'),
(84, 84, 3,299000.00, 2022,  4000, 'Grå'),
(85, 85, 1,134000.00, 2020, 25000, 'Sølv'),
(86, 86, 1, 94900.00, 2019, 37000, 'Blå'),
(87, 87, 4,149000.00, 2021, 13000, 'Rød'),
(88, 88, 2,179000.00, 2020, 21000, 'Sort'),
(89, 89, 2,209000.00, 2021, 10000, 'Hvid'),
(90, 90, 3,379000.00, 2022,  6000, 'Grå'),
(91, 91, 3,419000.00, 2022,  4000, 'Sølv'),
(92, 92, 3,649000.00, 2022,  3000, 'Blå'),
(93, 93, 3,699000.00, 2021,  8000, 'Rød'),
(94, 94, 1,119000.00, 2021, 14000, 'Sort'),
(95, 95, 1, 84900.00, 2019, 39000, 'Hvid'),
(96, 96, 2,149000.00, 2020, 22000, 'Grå'),
(97, 97, 1, 64900.00, 2018, 54000, 'Sølv'),
(98, 98, 2,169000.00, 2020, 19000, 'Blå'),
(99, 99, 1, 89900.00, 2021, 16000, 'Rød'),
(100,100,2,179000.00, 2021, 13000, 'Sort');

-- ============================================
-- 02_new_seed_data_04 — Car Listings
-- seller_id cyklisk 2-21 (dealers)
-- ============================================

INSERT INTO car_listing (id, car_id, seller_id, address_id, description, created_at) VALUES
(1,  1,  2,  1,  'Velholdt Toyota Corolla med fuld servicebog og nye vinterdæk medfølger.',            NOW()),
(2,  2,  3,  2,  'Flot Toyota Yaris med lavt km-tal, 1 ejer og bakkamera.',                            NOW()),
(3,  3,  4,  3,  'Toyota Camry diesel med træk og LED forlygter – kan leveres hurtigt.',               NOW()),
(4,  4,  5,  4,  'Toyota RAV4 hybrid med panoramatag, Apple CarPlay og varme i sæder.',                NOW()),
(5,  5,  6,  5,  'Toyota Prius hybrid med adaptiv fartpilot og fuld servicebog.',                      NOW()),
(6,  6,  7,  6,  'Toyota Aygo benzin – ideel bybil med lavt forbrug og nysynet.',                      NOW()),
(7,  7,  8,  7,  'VW Golf benzin med Android Auto, fuld servicebog og bakkamera.',                     NOW()),
(8,  8,  9,  8,  'VW Polo med isofix, klimaanlæg og nyserviceret.',                                    NOW()),
(9,  9,  10, 9,  'VW Passat diesel med nysynet, træk og vinterhjul medfølger.',                        NOW()),
(10, 10, 11, 10, 'VW Tiguan 7-sæder med automat gear og lædersæder.',                                  NOW()),
(11, 11, 12, 11, 'VW Touran diesel med fuld udrustning og servicebog i orden.',                        NOW()),
(12, 12, 13, 12, 'VW ID.3 elbil med 1 ejer, rækkevidde 420 km og hurtigoplader.',                     NOW()),
(13, 13, 14, 13, 'VW ID.4 elbil med træk, panoramatag og varmepumpe.',                                 NOW()),
(14, 14, 15, 14, 'VW T-Roc benzin med Apple CarPlay og adaptiv fartpilot.',                            NOW()),
(15, 15, 16, 15, 'Ford Focus benzin med klimaanlæg og nyserviceret.',                                   NOW()),
(16, 16, 17, 16, 'Ford Fiesta benzin med bakkamera og kun 1 ejer.',                                    NOW()),
(17, 17, 18, 17, 'Ford Mondeo diesel med lædersæder og fuld servicebog.',                              NOW()),
(18, 18, 19, 18, 'Ford Kuga hybrid med Android Auto og panoramatag.',                                   NOW()),
(19, 19, 20, 19, 'Ford Puma hybrid med isofix og lavt km-tal.',                                        NOW()),
(20, 20, 21, 20, 'Ford Mustang benzin – sportsklassiker med nysynet og vinterdæk.',                    NOW()),
(21, 21, 2,  21, 'BMW 1 Series diesel med LED forlygter og fuld servicebog.',                          NOW()),
(22, 22, 3,  22, 'BMW 3 Series benzin med 1 ejer, klimaanlæg og Apple CarPlay.',                       NOW()),
(23, 23, 4,  23, 'BMW 5 Series diesel med adaptiv fartpilot og panoramatag.',                          NOW()),
(24, 24, 5,  24, 'BMW X1 benzin med lædersæder og varme i sæder.',                                     NOW()),
(25, 25, 6,  25, 'BMW X3 diesel med Android Auto og fuld servicebog.',                                 NOW()),
(26, 26, 7,  26, 'BMW X5 benzin – topudstyret med isofix og lavt km-tal.',                             NOW()),
(27, 27, 8,  27, 'Mercedes A-Class benzin med nysynet og bakkamera.',                                  NOW()),
(28, 28, 9,  28, 'Mercedes C-Class diesel med automat gear og LED forlygter.',                         NOW()),
(29, 29, 10, 29, 'Mercedes E-Class diesel med 1 ejer og panoramatag.',                                 NOW()),
(30, 30, 11, 30, 'Mercedes GLA benzin med træk og Apple CarPlay.',                                     NOW()),
(31, 31, 12, 31, 'Mercedes GLC hybrid med adaptiv fartpilot og lædersæder.',                           NOW()),
(32, 32, 13, 32, 'Mercedes GLE diesel – stor SUV med fuld udrustning.',                                NOW()),
(33, 33, 14, 33, 'Audi A3 benzin med Android Auto og fuld servicebog.',                                NOW()),
(34, 34, 15, 34, 'Audi A4 diesel med klimaanlæg og varme i sæder.',                                   NOW()),
(35, 35, 16, 35, 'Audi A6 diesel med panoramatag og 1 ejer.',                                         NOW()),
(36, 36, 17, 36, 'Audi Q3 benzin med isofix og bakkamera.',                                           NOW()),
(37, 37, 18, 37, 'Audi Q5 diesel med adaptiv fartpilot og LED forlygter.',                             NOW()),
(38, 38, 19, 38, 'Honda Civic benzin med fuld servicebog og nysynet.',                                 NOW()),
(39, 39, 20, 39, 'Honda Accord diesel med lædersæder og Apple CarPlay.',                               NOW()),
(40, 40, 21, 40, 'Honda CR-V hybrid med træk og panoramatag.',                                         NOW()),
(41, 41, 2,  41, 'Honda Jazz benzin – praktisk bybil med lavt forbrug.',                               NOW()),
(42, 42, 3,  42, 'Honda HR-V hybrid med Android Auto og klimaanlæg.',                                  NOW()),
(43, 43, 4,  43, 'Hyundai i10 benzin – perfekt bybil med nysynet.',                                   NOW()),
(44, 44, 5,  44, 'Hyundai i20 benzin med bakkamera og 1 ejer.',                                       NOW()),
(45, 45, 6,  45, 'Hyundai i30 benzin med fuld servicebog og isofix.',                                  NOW()),
(46, 46, 7,  46, 'Hyundai Tucson diesel med adaptiv fartpilot og lædersæder.',                        NOW()),
(47, 47, 8,  47, 'Hyundai Kona hybrid med panoramatag og Apple CarPlay.',                              NOW()),
(48, 48, 9,  48, 'Hyundai Ioniq 5 elbil med 800V hurtigopladning og varmepumpe.',                     NOW()),
(49, 49, 10, 49, 'Kia Picanto benzin – ekonomisk og nysynet.',                                        NOW()),
(50, 50, 11, 50, 'Kia Rio benzin med klimaanlæg og fuld servicebog.',                                  NOW()),
(51, 51, 12, 51, 'Kia Ceed benzin med Android Auto og LED forlygter.',                                 NOW()),
(52, 52, 13, 52, 'Kia Sportage diesel med træk og panoramatag.',                                       NOW()),
(53, 53, 14, 53, 'Kia Niro hybrid med adaptiv fartpilot og lavt forbrug.',                             NOW()),
(54, 54, 15, 54, 'Kia EV6 elbil med rækkevidde 528 km og hurtigoplader.',                             NOW()),
(55, 55, 16, 55, 'Nissan Micra benzin – klassisk bybil med nysynet.',                                  NOW()),
(56, 56, 17, 56, 'Nissan Juke benzin med bakkamera og 1 ejer.',                                       NOW()),
(57, 57, 18, 57, 'Nissan Qashqai diesel med fuld servicebog og isofix.',                               NOW()),
(58, 58, 19, 58, 'Nissan X-Trail diesel med 7 sæder og træk.',                                        NOW()),
(59, 59, 20, 59, 'Nissan Leaf elbil med rækkevidde 385 km og varmepumpe.',                            NOW()),
(60, 60, 21, 60, 'Renault Clio benzin med Apple CarPlay og klimaanlæg.',                               NOW()),
(61, 61, 2,  61, 'Renault Megane benzin med Android Auto og fuld servicebog.',                         NOW()),
(62, 62, 3,  62, 'Renault Captur hybrid med panoramatag og LED forlygter.',                            NOW()),
(63, 63, 4,  63, 'Renault Kadjar diesel med træk og adaptiv fartpilot.',                               NOW()),
(64, 64, 5,  64, 'Renault Zoe elbil med rækkevidde 395 km og 1 ejer.',                                NOW()),
(65, 65, 6,  65, 'Peugeot 208 benzin med bakkamera og nysynet.',                                      NOW()),
(66, 66, 7,  66, 'Peugeot 308 diesel med lædersæder og fuld servicebog.',                              NOW()),
(67, 67, 8,  67, 'Peugeot 2008 hybrid med panoramatag og Apple CarPlay.',                              NOW()),
(68, 68, 9,  68, 'Peugeot 3008 diesel med adaptiv fartpilot og isofix.',                               NOW()),
(69, 69, 10, 69, 'Peugeot 5008 diesel med 7 sæder og Android Auto.',                                  NOW()),
(70, 70, 11, 70, 'Citroën C3 benzin – charmerende bybil med lavt forbrug.',                            NOW()),
(71, 71, 12, 71, 'Citroën C4 benzin med klimaanlæg og fuld servicebog.',                               NOW()),
(72, 72, 13, 72, 'Citroën C5 Aircross hybrid med lædersæder og panoramatag.',                          NOW()),
(73, 73, 14, 73, 'Citroën Berlingo diesel med træk og 7 sæder.',                                       NOW()),
(74, 74, 15, 74, 'Opel Corsa benzin med bakkamera og nysynet.',                                        NOW()),
(75, 75, 16, 75, 'Opel Astra benzin med Android Auto og LED forlygter.',                               NOW()),
(76, 76, 17, 76, 'Opel Mokka benzin med Apple CarPlay og klimaanlæg.',                                 NOW()),
(77, 77, 18, 77, 'Opel Grandland hybrid med panoramatag og adaptiv fartpilot.',                        NOW()),
(78, 78, 19, 78, 'Škoda Fabia benzin med fuld servicebog og 1 ejer.',                                  NOW()),
(79, 79, 20, 79, 'Škoda Octavia diesel med træk og lædersæder.',                                       NOW()),
(80, 80, 21, 80, 'Škoda Superb diesel med panoramatag og isofix.',                                     NOW()),
(81, 81, 2,  81, 'Škoda Kodiaq diesel med 7 sæder og adaptiv fartpilot.',                              NOW()),
(82, 82, 3,  82, 'Škoda Enyaq elbil med rækkevidde 510 km og varmepumpe.',                            NOW()),
(83, 83, 4,  83, 'SEAT Ibiza benzin med bakkamera og nysynet.',                                        NOW()),
(84, 84, 5,  84, 'SEAT Leon benzin med Apple CarPlay og fuld servicebog.',                             NOW()),
(85, 85, 6,  85, 'SEAT Arona benzin med LED forlygter og klimaanlæg.',                                 NOW()),
(86, 86, 7,  86, 'SEAT Ateca diesel med træk og panoramatag.',                                        NOW()),
(87, 87, 8,  87, 'Volvo XC40 hybrid med lædersæder og Android Auto.',                                  NOW()),
(88, 88, 9,  88, 'Volvo XC60 diesel med adaptiv fartpilot og panoramatag.',                            NOW()),
(89, 89, 10, 89, 'Volvo XC90 diesel med 7 sæder og fuld udrustning.',                                 NOW()),
(90, 90, 11, 90, 'Volvo V60 benzin med fuld servicebog og isofix.',                                    NOW()),
(91, 91, 12, 91, 'Volvo S60 benzin med Apple CarPlay og LED forlygter.',                               NOW()),
(92, 92, 13, 92, 'Tesla Model 3 med rækkevidde 576 km, Autopilot og 1 ejer.',                         NOW()),
(93, 93, 14, 93, 'Tesla Model Y med rækkevidde 533 km og 7 sæder.',                                   NOW()),
(94, 94, 15, 94, 'Tesla Model S med rækkevidde 600 km og fuld Autopilot.',                            NOW()),
(95, 95, 16, 95, 'Toyota C-HR benzin med panoramatag og Apple CarPlay.',                               NOW()),
(96, 96, 17, 96, 'VW Arteon benzin med lædersæder og adaptiv fartpilot.',                              NOW()),
(97, 97, 18, 97, 'Ford EcoSport benzin med bakkamera og nysynet.',                                     NOW()),
(98, 98, 19, 98, 'Audi Q2 benzin med fuld servicebog og LED forlygter.',                               NOW()),
(99, 99, 20, 99, 'Audi e-tron elbil med rækkevidde 436 km og træk.',                                  NOW()),
(100,100,21,100, 'VW T-Roc diesel med Android Auto og panoramatag.',                                   NOW());

-- ============================================
-- 02_new_seed_data_05 — Sales + Favorites
-- (Messages ligger i _06)
-- ============================================

-- CAR SALES (100)
-- buyer_id cyklisk 22-100 (customers), sold_at spredt over 100 dage
INSERT INTO car_sale (id, car_listing_id, buyer_id, sold_at) VALUES
(1,  1,  22, DATE_SUB(NOW(), INTERVAL 1  DAY)),
(2,  2,  23, DATE_SUB(NOW(), INTERVAL 2  DAY)),
(3,  3,  24, DATE_SUB(NOW(), INTERVAL 3  DAY)),
(4,  4,  25, DATE_SUB(NOW(), INTERVAL 4  DAY)),
(5,  5,  26, DATE_SUB(NOW(), INTERVAL 5  DAY)),
(6,  6,  27, DATE_SUB(NOW(), INTERVAL 6  DAY)),
(7,  7,  28, DATE_SUB(NOW(), INTERVAL 7  DAY)),
(8,  8,  29, DATE_SUB(NOW(), INTERVAL 8  DAY)),
(9,  9,  30, DATE_SUB(NOW(), INTERVAL 9  DAY)),
(10, 10, 31, DATE_SUB(NOW(), INTERVAL 10 DAY)),
(11, 11, 32, DATE_SUB(NOW(), INTERVAL 11 DAY)),
(12, 12, 33, DATE_SUB(NOW(), INTERVAL 12 DAY)),
(13, 13, 34, DATE_SUB(NOW(), INTERVAL 13 DAY)),
(14, 14, 35, DATE_SUB(NOW(), INTERVAL 14 DAY)),
(15, 15, 36, DATE_SUB(NOW(), INTERVAL 15 DAY)),
(16, 16, 37, DATE_SUB(NOW(), INTERVAL 16 DAY)),
(17, 17, 38, DATE_SUB(NOW(), INTERVAL 17 DAY)),
(18, 18, 39, DATE_SUB(NOW(), INTERVAL 18 DAY)),
(19, 19, 40, DATE_SUB(NOW(), INTERVAL 19 DAY)),
(20, 20, 41, DATE_SUB(NOW(), INTERVAL 20 DAY)),
(21, 21, 42, DATE_SUB(NOW(), INTERVAL 21 DAY)),
(22, 22, 43, DATE_SUB(NOW(), INTERVAL 22 DAY)),
(23, 23, 44, DATE_SUB(NOW(), INTERVAL 23 DAY)),
(24, 24, 45, DATE_SUB(NOW(), INTERVAL 24 DAY)),
(25, 25, 46, DATE_SUB(NOW(), INTERVAL 25 DAY)),
(26, 26, 47, DATE_SUB(NOW(), INTERVAL 26 DAY)),
(27, 27, 48, DATE_SUB(NOW(), INTERVAL 27 DAY)),
(28, 28, 49, DATE_SUB(NOW(), INTERVAL 28 DAY)),
(29, 29, 50, DATE_SUB(NOW(), INTERVAL 29 DAY)),
(30, 30, 51, DATE_SUB(NOW(), INTERVAL 30 DAY)),
(31, 31, 52, DATE_SUB(NOW(), INTERVAL 31 DAY)),
(32, 32, 53, DATE_SUB(NOW(), INTERVAL 32 DAY)),
(33, 33, 54, DATE_SUB(NOW(), INTERVAL 33 DAY)),
(34, 34, 55, DATE_SUB(NOW(), INTERVAL 34 DAY)),
(35, 35, 56, DATE_SUB(NOW(), INTERVAL 35 DAY)),
(36, 36, 57, DATE_SUB(NOW(), INTERVAL 36 DAY)),
(37, 37, 58, DATE_SUB(NOW(), INTERVAL 37 DAY)),
(38, 38, 59, DATE_SUB(NOW(), INTERVAL 38 DAY)),
(39, 39, 60, DATE_SUB(NOW(), INTERVAL 39 DAY)),
(40, 40, 61, DATE_SUB(NOW(), INTERVAL 40 DAY)),
(41, 41, 62, DATE_SUB(NOW(), INTERVAL 41 DAY)),
(42, 42, 63, DATE_SUB(NOW(), INTERVAL 42 DAY)),
(43, 43, 64, DATE_SUB(NOW(), INTERVAL 43 DAY)),
(44, 44, 65, DATE_SUB(NOW(), INTERVAL 44 DAY)),
(45, 45, 66, DATE_SUB(NOW(), INTERVAL 45 DAY)),
(46, 46, 67, DATE_SUB(NOW(), INTERVAL 46 DAY)),
(47, 47, 68, DATE_SUB(NOW(), INTERVAL 47 DAY)),
(48, 48, 69, DATE_SUB(NOW(), INTERVAL 48 DAY)),
(49, 49, 70, DATE_SUB(NOW(), INTERVAL 49 DAY)),
(50, 50, 71, DATE_SUB(NOW(), INTERVAL 50 DAY)),
(51, 51, 72, DATE_SUB(NOW(), INTERVAL 51 DAY)),
(52, 52, 73, DATE_SUB(NOW(), INTERVAL 52 DAY)),
(53, 53, 74, DATE_SUB(NOW(), INTERVAL 53 DAY)),
(54, 54, 75, DATE_SUB(NOW(), INTERVAL 54 DAY)),
(55, 55, 76, DATE_SUB(NOW(), INTERVAL 55 DAY)),
(56, 56, 77, DATE_SUB(NOW(), INTERVAL 56 DAY)),
(57, 57, 78, DATE_SUB(NOW(), INTERVAL 57 DAY)),
(58, 58, 79, DATE_SUB(NOW(), INTERVAL 58 DAY)),
(59, 59, 80, DATE_SUB(NOW(), INTERVAL 59 DAY)),
(60, 60, 81, DATE_SUB(NOW(), INTERVAL 60 DAY)),
(61, 61, 82, DATE_SUB(NOW(), INTERVAL 61 DAY)),
(62, 62, 83, DATE_SUB(NOW(), INTERVAL 62 DAY)),
(63, 63, 84, DATE_SUB(NOW(), INTERVAL 63 DAY)),
(64, 64, 85, DATE_SUB(NOW(), INTERVAL 64 DAY)),
(65, 65, 86, DATE_SUB(NOW(), INTERVAL 65 DAY)),
(66, 66, 87, DATE_SUB(NOW(), INTERVAL 66 DAY)),
(67, 67, 88, DATE_SUB(NOW(), INTERVAL 67 DAY)),
(68, 68, 89, DATE_SUB(NOW(), INTERVAL 68 DAY)),
(69, 69, 90, DATE_SUB(NOW(), INTERVAL 69 DAY)),
(70, 70, 91, DATE_SUB(NOW(), INTERVAL 70 DAY)),
(71, 71, 92, DATE_SUB(NOW(), INTERVAL 71 DAY)),
(72, 72, 93, DATE_SUB(NOW(), INTERVAL 72 DAY)),
(73, 73, 94, DATE_SUB(NOW(), INTERVAL 73 DAY)),
(74, 74, 95, DATE_SUB(NOW(), INTERVAL 74 DAY)),
(75, 75, 96, DATE_SUB(NOW(), INTERVAL 75 DAY)),
(76, 76, 97, DATE_SUB(NOW(), INTERVAL 76 DAY)),
(77, 77, 98, DATE_SUB(NOW(), INTERVAL 77 DAY)),
(78, 78, 99, DATE_SUB(NOW(), INTERVAL 78 DAY)),
(79, 79,100, DATE_SUB(NOW(), INTERVAL 79 DAY)),
(80, 80, 22, DATE_SUB(NOW(), INTERVAL 80 DAY)),
(81, 81, 23, DATE_SUB(NOW(), INTERVAL 81 DAY)),
(82, 82, 24, DATE_SUB(NOW(), INTERVAL 82 DAY)),
(83, 83, 25, DATE_SUB(NOW(), INTERVAL 83 DAY)),
(84, 84, 26, DATE_SUB(NOW(), INTERVAL 84 DAY)),
(85, 85, 27, DATE_SUB(NOW(), INTERVAL 85 DAY)),
(86, 86, 28, DATE_SUB(NOW(), INTERVAL 86 DAY)),
(87, 87, 29, DATE_SUB(NOW(), INTERVAL 87 DAY)),
(88, 88, 30, DATE_SUB(NOW(), INTERVAL 88 DAY)),
(89, 89, 31, DATE_SUB(NOW(), INTERVAL 89 DAY)),
(90, 90, 32, DATE_SUB(NOW(), INTERVAL 90 DAY)),
(91, 91, 33, DATE_SUB(NOW(), INTERVAL 91 DAY)),
(92, 92, 34, DATE_SUB(NOW(), INTERVAL 92 DAY)),
(93, 93, 35, DATE_SUB(NOW(), INTERVAL 93 DAY)),
(94, 94, 36, DATE_SUB(NOW(), INTERVAL 94 DAY)),
(95, 95, 37, DATE_SUB(NOW(), INTERVAL 95 DAY)),
(96, 96, 38, DATE_SUB(NOW(), INTERVAL 96 DAY)),
(97, 97, 39, DATE_SUB(NOW(), INTERVAL 97 DAY)),
(98, 98, 40, DATE_SUB(NOW(), INTERVAL 98 DAY)),
(99, 99, 41, DATE_SUB(NOW(), INTERVAL 99 DAY)),
(100,100, 42, DATE_SUB(NOW(), INTERVAL 100 DAY));

-- FAVORITES (100)
-- user_id cyklisk 22-100, car_listing_id 1-100
INSERT INTO favorite (id, user_id, car_listing_id, created_at) VALUES
(1,  22, 1,  NOW()), (2,  23, 2,  NOW()), (3,  24, 3,  NOW()), (4,  25, 4,  NOW()),
(5,  26, 5,  NOW()), (6,  27, 6,  NOW()), (7,  28, 7,  NOW()), (8,  29, 8,  NOW()),
(9,  30, 9,  NOW()), (10, 31, 10, NOW()), (11, 32, 11, NOW()), (12, 33, 12, NOW()),
(13, 34, 13, NOW()), (14, 35, 14, NOW()), (15, 36, 15, NOW()), (16, 37, 16, NOW()),
(17, 38, 17, NOW()), (18, 39, 18, NOW()), (19, 40, 19, NOW()), (20, 41, 20, NOW()),
(21, 42, 21, NOW()), (22, 43, 22, NOW()), (23, 44, 23, NOW()), (24, 45, 24, NOW()),
(25, 46, 25, NOW()), (26, 47, 26, NOW()), (27, 48, 27, NOW()), (28, 49, 28, NOW()),
(29, 50, 29, NOW()), (30, 51, 30, NOW()), (31, 52, 31, NOW()), (32, 53, 32, NOW()),
(33, 54, 33, NOW()), (34, 55, 34, NOW()), (35, 56, 35, NOW()), (36, 57, 36, NOW()),
(37, 58, 37, NOW()), (38, 59, 38, NOW()), (39, 60, 39, NOW()), (40, 61, 40, NOW()),
(41, 62, 41, NOW()), (42, 63, 42, NOW()), (43, 64, 43, NOW()), (44, 65, 44, NOW()),
(45, 66, 45, NOW()), (46, 67, 46, NOW()), (47, 68, 47, NOW()), (48, 69, 48, NOW()),
(49, 70, 49, NOW()), (50, 71, 50, NOW()), (51, 72, 51, NOW()), (52, 73, 52, NOW()),
(53, 74, 53, NOW()), (54, 75, 54, NOW()), (55, 76, 55, NOW()), (56, 77, 56, NOW()),
(57, 78, 57, NOW()), (58, 79, 58, NOW()), (59, 80, 59, NOW()), (60, 81, 60, NOW()),
(61, 82, 61, NOW()), (62, 83, 62, NOW()), (63, 84, 63, NOW()), (64, 85, 64, NOW()),
(65, 86, 65, NOW()), (66, 87, 66, NOW()), (67, 88, 67, NOW()), (68, 89, 68, NOW()),
(69, 90, 69, NOW()), (70, 91, 70, NOW()), (71, 92, 71, NOW()), (72, 93, 72, NOW()),
(73, 94, 73, NOW()), (74, 95, 74, NOW()), (75, 96, 75, NOW()), (76, 97, 76, NOW()),
(77, 98, 77, NOW()), (78, 99, 78, NOW()), (79,100, 79, NOW()), (80, 22, 80, NOW()),
(81, 23, 81, NOW()), (82, 24, 82, NOW()), (83, 25, 83, NOW()), (84, 26, 84, NOW()),
(85, 27, 85, NOW()), (86, 28, 86, NOW()), (87, 29, 87, NOW()), (88, 30, 88, NOW()),
(89, 31, 89, NOW()), (90, 32, 90, NOW()), (91, 33, 91, NOW()), (92, 34, 92, NOW()),
(93, 35, 93, NOW()), (94, 36, 94, NOW()), (95, 37, 95, NOW()), (96, 38, 96, NOW()),
(97, 39, 97, NOW()), (98, 40, 98, NOW()), (99, 41, 99, NOW()), (100,42,100, NOW());

-- ============================================
-- 02_new_seed_data_06 — Messages
-- Realistiske samtaler mellem købere og sælgere
-- Samme car_listing_id = tråd mellem to parter
-- ============================================

INSERT INTO message (id, sender_id, receiver_id, car_listing_id, content, sent_at, is_read) VALUES

-- === Tråd 1: Emma (22) ↔ Noah/dealer1 (2) om annonce 1 (Toyota Corolla) ===
(1,  22, 2,  1, 'Hej! Jeg så jeres Toyota Corolla – er den stadig til salg?',
    DATE_SUB(NOW(), INTERVAL 5 DAY), 1),
(2,  2,  22, 1, 'Hej Emma, ja den er stadig ledig! Den kører rigtig fint og er nyserviceret. Vil du se den?',
    DATE_SUB(NOW(), INTERVAL 5 DAY), 1),
(3,  22, 2,  1, 'Ja meget gerne! Hvad er det laveste I kan gå på prisen?',
    DATE_SUB(NOW(), INTERVAL 4 DAY), 1),
(4,  2,  22, 1, 'Vi kan godt rykke lidt – kom og kig, så taler vi om det. Hvornår passer det dig?',
    DATE_SUB(NOW(), INTERVAL 4 DAY), 1),
(5,  22, 2,  1, 'Lørdag formiddag ville være perfekt for mig.',
    DATE_SUB(NOW(), INTERVAL 3 DAY), 1),
(6,  2,  22, 1, 'Det passer fint! Vi ses lørdag kl. 10. Adressen er Birkevej 1.',
    DATE_SUB(NOW(), INTERVAL 3 DAY), 1),

-- === Tråd 2: Ida (23) ↔ William/dealer2 (3) om annonce 2 (Toyota Yaris) ===
(7,  23, 3,  2, 'Hej, er Toyota Yarisén fri? Jeg bor i Roskilde så det er perfekt beliggenhed.',
    DATE_SUB(NOW(), INTERVAL 7 DAY), 1),
(8,  3,  23, 2, 'Hej Ida! Ja den er fri. Den har kun haft én ejer og er i fin stand.',
    DATE_SUB(NOW(), INTERVAL 7 DAY), 1),
(9,  23, 3,  2, 'Er der rust nogen steder? Og hvornår er den senest synet?',
    DATE_SUB(NOW(), INTERVAL 6 DAY), 1),
(10, 3,  23, 2, 'Ingen rust – vi har tjekket grundigt. Den er synet for 3 måneder siden, fejlede ingenting.',
    DATE_SUB(NOW(), INTERVAL 6 DAY), 1),
(11, 23, 3,  2, 'Perfekt! Kan jeg komme og prøvekøre den på fredag eftermiddag?',
    DATE_SUB(NOW(), INTERVAL 5 DAY), 1),
(12, 3,  23, 2, 'Fredag kl. 14 er fint! Vi glæder os til at se dig.',
    DATE_SUB(NOW(), INTERVAL 5 DAY), 1),

-- === Tråd 3: Freja (24) ↔ Emil/dealer3 (4) om annonce 7 (VW Golf) ===
(13, 24, 4,  7, 'Hej! VW Golf med Android Auto – har den også trådløs opladning?',
    DATE_SUB(NOW(), INTERVAL 10 DAY), 1),
(14, 4,  24, 7, 'Hej Freja, desværre ikke trådløs opladning, men den har USB-C og fuld Android Auto.',
    DATE_SUB(NOW(), INTERVAL 10 DAY), 1),
(15, 24, 4,  7, 'Ok forstået. Hvad med dækkene – er de okay eller skal de skiftes snart?',
    DATE_SUB(NOW(), INTERVAL 9 DAY), 1),
(16, 4,  24, 7, 'Fordækkene er nye fra foråret. Bagdækkene har ca. 40% tilbage – fuldt lovlige.',
    DATE_SUB(NOW(), INTERVAL 9 DAY), 1),
(17, 24, 4,  7, 'Fedt. Jeg er interesseret – kan I holde den til torsdag mens jeg snakker med min bank?',
    DATE_SUB(NOW(), INTERVAL 8 DAY), 1),
(18, 4,  24, 7, 'Vi kan holde den til torsdag mod et depositum på 2.000 kr. Lyder det ok?',
    DATE_SUB(NOW(), INTERVAL 8 DAY), 1),
(19, 24, 4,  7, 'Det er aftalt! Sender MobilePay nu.',
    DATE_SUB(NOW(), INTERVAL 7 DAY), 1),

-- === Tråd 4: Laura (25) ↔ Oscar/dealer4 (5) om annonce 12 (VW ID.3) ===
(20, 25, 5,  12, 'Hej! Hvad er den reelle rækkevidde på ID.3 i vintervejr?',
    DATE_SUB(NOW(), INTERVAL 6 DAY), 1),
(21, 5,  25, 12, 'Hej Laura! I vintervejr typisk 280-320 km. Om sommeren tæt på de 420 km. Batteriet er i top stand.',
    DATE_SUB(NOW(), INTERVAL 6 DAY), 1),
(22, 25, 5,  12, 'Okay, det er fint nok til min pendling. Er der mulighed for at få den med varmepumpe tilvalgt?',
    DATE_SUB(NOW(), INTERVAL 5 DAY), 1),
(23, 5,  25, 12, 'Den har allerede varmepumpe som standard – det er en af grundene til den gode vinterrækkevidde!',
    DATE_SUB(NOW(), INTERVAL 5 DAY), 1),
(24, 25, 5,  12, 'Fantastisk! Det vidste jeg ikke. Kan I lave en prøvetur i weekenden?',
    DATE_SUB(NOW(), INTERVAL 4 DAY), 1),
(25, 5,  25, 12, 'Absolut – lørdag eller søndag, hvad passer bedst?',
    DATE_SUB(NOW(), INTERVAL 4 DAY), 1),
(26, 25, 5,  12, 'Søndag kl. 11 er perfekt for mig.',
    DATE_SUB(NOW(), INTERVAL 3 DAY), 1),
(27, 5,  25, 12, 'Vi sætter det i kalenderen! Vi ses søndag kl. 11 på Parkvej 4.',
    DATE_SUB(NOW(), INTERVAL 3 DAY), 1),

-- === Tråd 5: Clara (26) ↔ Oliver/dealer5 (6) om annonce 19 (Ford Mustang) ===
(28, 26, 6,  19, 'Hej! Ford Mustang – er det en automatgear eller manuel?',
    DATE_SUB(NOW(), INTERVAL 4 DAY), 1),
(29, 6,  26, 19, 'Hej Clara! Det er en 10-trins automatgear. Meget sjov at køre!',
    DATE_SUB(NOW(), INTERVAL 4 DAY), 1),
(30, 26, 6,  19, 'Wauw okay! Hvad er forbruget nogenlunde?',
    DATE_SUB(NOW(), INTERVAL 3 DAY), 1),
(31, 6,  26, 19, 'Ca. 12-14 L/100km i blandet kørsel. Det er jo en V8 så det er forventet 😄',
    DATE_SUB(NOW(), INTERVAL 3 DAY), 1),
(32, 26, 6,  19, 'Haha ja selvfølgelig. Er prisen fast eller er der forhandlingsrum?',
    DATE_SUB(NOW(), INTERVAL 2 DAY), 1),
(33, 6,  26, 19, 'Der er lidt at gå på. Kom og kig – vi finder en pris der passer jer begge.',
    DATE_SUB(NOW(), INTERVAL 2 DAY), 0),

-- === Tråd 6: Caroline (27) ↔ Alfred/dealer6 (7) om annonce 22 (BMW 3 Series) ===
(34, 27, 7,  22, 'Hej, BMW 3-serie – er det en dieselmotor?',
    DATE_SUB(NOW(), INTERVAL 8 DAY), 1),
(35, 7,  27, 22, 'Hej Caroline! Ja det er en 320d med 190 hk. Meget ekonomisk på motorvejen.',
    DATE_SUB(NOW(), INTERVAL 8 DAY), 1),
(36, 27, 7,  22, 'Super. Er servicebogen digital eller fysisk?',
    DATE_SUB(NOW(), INTERVAL 7 DAY), 1),
(37, 7,  27, 22, 'Begge dele – vi har den fysiske bog OG den er registreret i BMW Connected.',
    DATE_SUB(NOW(), INTERVAL 7 DAY), 1),
(38, 27, 7,  22, 'Perfekt. Hvad med garantien – er der noget tilbage?',
    DATE_SUB(NOW(), INTERVAL 6 DAY), 1),
(39, 7,  27, 22, 'Den er ude af fabriksgaranti, men vi tilbyder 6 måneders garanti fra os som forhandler.',
    DATE_SUB(NOW(), INTERVAL 6 DAY), 1),
(40, 27, 7,  22, 'Det lyder trygt! Jeg vil gerne booke en prøvetur.',
    DATE_SUB(NOW(), INTERVAL 5 DAY), 1),
(41, 7,  27, 22, 'Selvfølgelig! Hvornår kan du komme forbi?',
    DATE_SUB(NOW(), INTERVAL 5 DAY), 0),

-- === Tråd 7: Anna (28) ↔ Frederik/dealer7 (8) om annonce 31 (Mercedes GLC) ===
(42, 28, 8,  31, 'Hej! Har Mercedes GLC mulighed for at trække campingvogn?',
    DATE_SUB(NOW(), INTERVAL 3 DAY), 1),
(43, 8,  28, 31, 'Hej Anna! Ja, den er godkendt til 2.000 kg anhænger med AHK. Perfekt til campingvogn.',
    DATE_SUB(NOW(), INTERVAL 3 DAY), 1),
(44, 28, 8,  31, 'Fantastisk! Er trækket monteret eller skal det tilkøbes?',
    DATE_SUB(NOW(), INTERVAL 2 DAY), 1),
(45, 8,  28, 31, 'Det er fabriksmonteret og kan klappes op så det ikke ses når det ikke bruges.',
    DATE_SUB(NOW(), INTERVAL 2 DAY), 1),
(46, 28, 8,  31, 'Det er perfekt! Kan I sende flere billeder af bagenden og kofangeren?',
    DATE_SUB(NOW(), INTERVAL 1 DAY), 1),
(47, 8,  28, 31, 'Selvfølgelig, jeg sender billeder på mail om lidt!',
    DATE_SUB(NOW(), INTERVAL 1 DAY), 0),

-- === Tråd 8: Alma (29) ↔ Carl/dealer8 (9) om annonce 48 (Hyundai Ioniq 5) ===
(48, 29, 9,  48, 'Hej! Ioniq 5 – kan den lades med 150 kW hurtiglader?',
    DATE_SUB(NOW(), INTERVAL 5 DAY), 1),
(49, 9,  29, 48, 'Hej Alma! Ja, den understøtter op til 220 kW DC hurtigopladning. 10-80% på ca. 18 minutter!',
    DATE_SUB(NOW(), INTERVAL 5 DAY), 1),
(50, 29, 9,  48, 'Det er imponerende! Hvad er batteriets tilstand (SoH)?',
    DATE_SUB(NOW(), INTERVAL 4 DAY), 1),
(51, 9,  29, 48, 'Vi har fået den tjekket – den er på 97% SoH. Næsten som ny.',
    DATE_SUB(NOW(), INTERVAL 4 DAY), 1),
(52, 29, 9,  48, 'Meget imponerende for alderen. Er der stadig adgang til Hyundais gratis hurtigopladning?',
    DATE_SUB(NOW(), INTERVAL 3 DAY), 1),
(53, 9,  29, 48, 'Desværre udløb den ordning. Men vi kompenserer med et ladeabonnement på 3 måneder.',
    DATE_SUB(NOW(), INTERVAL 3 DAY), 0),

-- === Tråd 9: Isabella (30) ↔ Lucas/dealer9 (10) om annonce 54 (Kia EV6) ===
(54, 30, 10, 54, 'Hej! Kia EV6 – er det GT-line eller standard?',
    DATE_SUB(NOW(), INTERVAL 9 DAY), 1),
(55, 10, 30, 54, 'Hej Isabella! Det er GT-line med 360° kamera, head-up display og Memory sæder.',
    DATE_SUB(NOW(), INTERVAL 9 DAY), 1),
(56, 30, 10, 54, 'Lækkert! Hvad med bagagerummet – er der plads til en barnevogn?',
    DATE_SUB(NOW(), INTERVAL 8 DAY), 1),
(57, 10, 30, 54, 'Absolut – 490L bagest plus 20L frunk foran. Masser af plads til barnevogn.',
    DATE_SUB(NOW(), INTERVAL 8 DAY), 1),
(58, 30, 10, 54, 'Perfekt! Vi er to børnefamilie så det er vigtigt. Hvornår kan vi komme og se den?',
    DATE_SUB(NOW(), INTERVAL 7 DAY), 1),
(59, 10, 30, 54, 'I er meget velkomne! Kom forbi i hverdagene ml. 10-17 eller ring og aftal tid.',
    DATE_SUB(NOW(), INTERVAL 7 DAY), 1),
(60, 30, 10, 54, 'Vi kommer tirsdag kl. 14 – passer det?',
    DATE_SUB(NOW(), INTERVAL 6 DAY), 1),
(61, 10, 30, 54, 'Tirsdag kl. 14 er noteret! Vi glæder os.',
    DATE_SUB(NOW(), INTERVAL 6 DAY), 1),

-- === Tråd 10: Julie (31) ↔ Malthe/dealer10 (11) om annonce 59 (Nissan Leaf) ===
(62, 31, 11, 59, 'Hej! Nissan Leaf – er det 40 eller 62 kWh batteriet?',
    DATE_SUB(NOW(), INTERVAL 2 DAY), 1),
(63, 11, 31, 59, 'Hej Julie! Det er 40 kWh med rækkevidde på ca. 270 km i sommerperioden.',
    DATE_SUB(NOW(), INTERVAL 2 DAY), 1),
(64, 31, 11, 59, 'Okay, det er lidt lavere end jeg håbede. Kan prisen justeres lidt?',
    DATE_SUB(NOW(), INTERVAL 1 DAY), 1),
(65, 11, 31, 59, 'Vi er åbne for en snak. Hvad har du i tankerne?',
    DATE_SUB(NOW(), INTERVAL 1 DAY), 0),

-- === Tråd 11: Maja (32) ↔ Mathias/dealer11 (12) om annonce 62 (Renault Captur) ===
(66, 32, 12, 62, 'Hej! Er Renault Captur hybrid plug-in eller mild hybrid?',
    DATE_SUB(NOW(), INTERVAL 6 DAY), 1),
(67, 12, 32, 62, 'Hej Maja! Det er en E-Tech fuld hybrid – ikke plug-in, men den genstarter automatisk på el i by.',
    DATE_SUB(NOW(), INTERVAL 6 DAY), 1),
(68, 32, 12, 62, 'Forstået. Hvad er forbruget i bykørsel ca.?',
    DATE_SUB(NOW(), INTERVAL 5 DAY), 1),
(69, 12, 32, 62, 'Typisk 4,5-5,5 L/100km i by. På motorvejen ca. 6 L.',
    DATE_SUB(NOW(), INTERVAL 5 DAY), 1),
(70, 32, 12, 62, 'Det er faktisk ret godt! Jeg kører mest i by. Er den tilgængelig til prøvetur næste uge?',
    DATE_SUB(NOW(), INTERVAL 4 DAY), 1),
(71, 12, 32, 62, 'Ja sagtens – mandag til torsdag ml. 9-16. Hvornår passer det?',
    DATE_SUB(NOW(), INTERVAL 4 DAY), 0),

-- === Tråd 12: Liva (33) ↔ Alexander/dealer12 (13) om annonce 79 (Škoda Octavia) ===
(72, 33, 13, 79, 'Hej! Škoda Octavia – er det combi eller sedan?',
    DATE_SUB(NOW(), INTERVAL 11 DAY), 1),
(73, 13, 33, 79, 'Hej Liva! Det er Combi – den store stationcar med 640L bagagerum.',
    DATE_SUB(NOW(), INTERVAL 11 DAY), 1),
(74, 33, 13, 79, 'Perfekt, det er præcis det vi har brug for. Er der træk på?',
    DATE_SUB(NOW(), INTERVAL 10 DAY), 1),
(75, 13, 33, 79, 'Ja, fast træk godkendt til 1.800 kg. Klar til båd eller hestevogn.',
    DATE_SUB(NOW(), INTERVAL 10 DAY), 1),
(76, 33, 13, 79, 'Fantastisk! Vi har båd. Er der mulighed for levering til Odense?',
    DATE_SUB(NOW(), INTERVAL 9 DAY), 1),
(77, 13, 33, 79, 'Det kan vi godt arrangere mod et mindre leveringsgebyr. Vil du have et tilbud?',
    DATE_SUB(NOW(), INTERVAL 9 DAY), 1),
(78, 33, 13, 79, 'Ja tak! Det ville være super.',
    DATE_SUB(NOW(), INTERVAL 8 DAY), 1),
(79, 13, 33, 79, 'Levering til Odense: 1.500 kr. inkl. gennemgang og tankfuld. Lyder det ok?',
    DATE_SUB(NOW(), INTERVAL 8 DAY), 0),

-- === Tråd 13: Asta (34) ↔ Elias/dealer13 (14) om annonce 87 (Volvo XC40) ===
(80, 34, 14, 87, 'Hej! Volvo XC40 hybrid – er det en PHEV eller mild hybrid?',
    DATE_SUB(NOW(), INTERVAL 3 DAY), 1),
(81, 14, 34, 87, 'Hej Asta! Det er en T5 Twin Engine PHEV med 50 km elektrisk rækkevidde. Kan lades hjemme.',
    DATE_SUB(NOW(), INTERVAL 3 DAY), 1),
(82, 34, 14, 87, 'Perfekt! Vi har ladeboks derhjemme. Er ladekablet til Type 2 medfølger?',
    DATE_SUB(NOW(), INTERVAL 2 DAY), 1),
(83, 14, 34, 87, 'Ja, Mode 3 Type 2 kabel er inkluderet. Granny cable medfølger også.',
    DATE_SUB(NOW(), INTERVAL 2 DAY), 1),
(84, 34, 14, 87, 'Super! Kan I reservere den til vi har fået svar fra banken – max 3 dage?',
    DATE_SUB(NOW(), INTERVAL 1 DAY), 1),
(85, 14, 34, 87, 'Det kan vi sagtens. Send os en mail så noterer vi reservationen.',
    DATE_SUB(NOW(), INTERVAL 1 DAY), 0),

-- === Tråd 14: Agnes (35) ↔ Johan/dealer14 (15) om annonce 92 (Tesla Model 3) ===
(86, 35, 15, 92, 'Hej! Tesla Model 3 – er det Long Range eller Standard Range?',
    DATE_SUB(NOW(), INTERVAL 4 DAY), 1),
(87, 15, 35, 92, 'Hej Agnes! Det er Long Range AWD med rækkevidde på 576 km WLTP.',
    DATE_SUB(NOW(), INTERVAL 4 DAY), 1),
(88, 35, 15, 92, 'Nice! Er Autopilot inkluderet eller kræver det ekstra betaling?',
    DATE_SUB(NOW(), INTERVAL 3 DAY), 1),
(89, 15, 35, 92, 'Basis Autopilot er inkluderet. FSD kan købes separat via Tesla-appen.',
    DATE_SUB(NOW(), INTERVAL 3 DAY), 1),
(90, 35, 15, 92, 'Forstået. Er der stadig adgang til gratis Supercharging?',
    DATE_SUB(NOW(), INTERVAL 2 DAY), 1),
(91, 15, 35, 92, 'Den specifikke bil har ikke gratis Supercharging. Vi kompenserer gerne med 3 mdr. ladeabonnement.',
    DATE_SUB(NOW(), INTERVAL 2 DAY), 1),
(92, 35, 15, 92, 'Det er fair nok! Kan jeg komme og prøve den i morgen kl. 13?',
    DATE_SUB(NOW(), INTERVAL 1 DAY), 1),
(93, 15, 35, 92, 'Kl. 13 i morgen er perfekt – vi glæder os til at se dig!',
    DATE_SUB(NOW(), INTERVAL 1 DAY), 0),

-- === Tråd 15: Ellen (36) ↔ Victor/dealer15 (16) om annonce 45 (Hyundai i30) ===
(94, 36, 16, 45, 'Hej! Er Hyundai i30 fem-dørs eller tre-dørs?',
    DATE_SUB(NOW(), INTERVAL 2 DAY), 1),
(95, 16, 36, 45, 'Hej Ellen! Det er fem-dørs med stort bagagerum – 395L. Meget praktisk familiebil.',
    DATE_SUB(NOW(), INTERVAL 2 DAY), 1),
(96, 36, 16, 45, 'Perfekt, vi er familie med to børn. Er isofix på baggesædet?',
    DATE_SUB(NOW(), INTERVAL 1 DAY), 1),
(97, 16, 36, 45, 'Ja, isofix på begge bagsæder. Klar til barnestole.',
    DATE_SUB(NOW(), INTERVAL 1 DAY), 1),
(98, 36, 16, 45, 'Super! Vi kommer og kigger på lørdag – er I åbne?',
    DATE_SUB(NOW(), INTERVAL 12 HOUR), 1),
(99, 16, 36, 45, 'Vi er åbne lørdag 9-14. Velkommen!',
    DATE_SUB(NOW(), INTERVAL 12 HOUR), 0),

-- === Tråd 16: Johanne (37) ↔ Mikkel/dealer16 (17) om annonce 66 (Peugeot 308) ===
(100,37, 17, 66, 'Hej! Peugeot 308 – er det den nye model med det digitale cockpit?',
    DATE_SUB(NOW(), INTERVAL 1 DAY), 0);